idnumber,smiles,smiles_desalted,hac,mw,alogp,hba,hbd,psa,rotb,arom,alerts
HMDB0000058,Nc1ncnc2c1ncn2C1OC2COP(=O)(O)OC2C1O,Nc1ncnc2c1ncn2C1OC2COP(=O)(O)OC2C1O,22,329.209,-0.8174000000000006,10,3,154.84,1,2,1
HMDB0000343,CC12CCC3c4cc(O)c(O)cc4CCC3C1CCC2=O,CC12CCC3c4cc(O)c(O)cc4CCC3C1CCC2=O,21,286.37100000000004,3.5230000000000024,3,2,57.53,0,1,1
HMDB0000372,CC12CCC3c4ccc(O)cc4CCC3C1CC(=O)C2=O,CC12CCC3c4ccc(O)cc4CCC3C1CC(=O)C2=O,21,284.355,2.9964000000000013,3,1,54.37,0,1,1
HMDB0000406,CC12CCC3c4ccc(O)cc4CCC3C1CC(=O)C2O,CC12CCC3c4ccc(O)cc4CCC3C1CC(=O)C2O,21,286.371,2.788200000000001,3,2,57.53,0,1,0
HMDB0000416,CC(=O)C1(O)CCC2C3CC=C4CC(OS(=O)(=O)[O-])CCC4(C)C3CCC21C,CC(=O)C1(O)CCC2C3CC=C4CC(OS(=O)(=O)[O-])CCC4(C)C3CCC21C,28,411.5400000000003,3.114700000000002,6,1,103.73,3,0,3
HMDB0000431,CC12CCC3c4ccc(O)cc4CCC3C1CC(O)C2O,CC12CCC3c4ccc(O)cc4CCC3C1CC(O)C2O,21,288.38699999999994,2.5800000000000005,3,3,60.69,0,1,0
HMDB0000512,CC(=O)NC(Cc1ccccc1)C(=O)O,CC(=O)NC(Cc1ccccc1)C(=O)O,15,207.22899999999998,0.8183999999999998,3,2,66.4,4,1,0
HMDB0000594,[NH3+]C(CCC(=O)NC(Cc1ccccc1)C(=O)O)C(=O)O,[NH3+]C(CCC(=O)NC(Cc1ccccc1)C(=O)O)C(=O)O,21,295.31500000000005,-0.7261999999999982,5,4,131.34,8,1,0
HMDB0000637,CC(CCC(=O)NCC(=O)O)C1CCC2C3C(O)CC4CC(O)CCC4(C)C3CCC12C,CC(CCC(=O)NCC(=O)O)C1CCC2C3C(O)CC4CC(O)CCC4(C)C3CCC12C,32,449.63200000000035,3.594100000000001,5,4,106.86000000000001,6,0,0
HMDB0000667,[NH3+]C(Cc1ccc(Oc2ccc(O)cc2)cc1)C(=O)O,[NH3+]C(Cc1ccc(Oc2ccc(O)cc2)cc1)C(=O)O,20,274.296,1.4220999999999997,4,3,94.40000000000002,5,2,0
HMDB0000671,O=C(O)C(O)Cc1c[nH]c2ccccc12,O=C(O)C(O)Cc1c[nH]c2ccccc12,15,205.21300000000002,1.1559000000000004,3,3,73.32,3,2,0
HMDB0000706,[NH3+]C(CC(=O)O)C(=O)NC(Cc1ccccc1)C(=O)O,[NH3+]C(CC(=O)O)C(=O)NC(Cc1ccccc1)C(=O)O,20,281.288,-1.1162999999999983,5,4,131.33999999999997,7,1,0
HMDB0000715,O=C(O)c1cc(=O)c2ccccc2[nH]1,O=C(O)c1cc(=O)c2ccccc2[nH]1,14,189.17000000000002,1.2262999999999997,3,2,70.16,1,2,0
HMDB0000722,CC(CCC(=O)NCCS(=O)(=O)[O-])C1CCC2C3CCC4CC(O)CCC4(C)C3CCC12C,CC(CCC(=O)NCCS(=O)(=O)[O-])C1CCC2C3CCC4CC(O)CCC4(C)C3CCC12C,33,482.7070000000004,4.0839000000000025,5,2,106.53,7,0,1
HMDB0000763,O=C(O)Cc1c[nH]c2ccc(O)cc12,O=C(O)Cc1c[nH]c2ccc(O)cc12,14,191.186,1.5006,3,3,73.32,2,2,0
HMDB0000839,C1=Cc2cc3ccc(cc4ccc(cc5nc(cc1n2)C=C5)[nH]4)[nH]3,C1=Cc2cc3ccc(cc4ccc(cc5nc(cc1n2)C=C5)[nH]4)[nH]3,24,310.35999999999996,4.655600000000003,2,2,57.36,0,5,0
HMDB0000842,O=C(O)c1ccc2ccccc2n1,O=C(O)c1ccc2ccccc2n1,13,173.171,1.9329999999999998,3,1,50.19,1,2,0
HMDB0000860,O=C(O)CNC(=O)CCc1ccccc1,O=C(O)CNC(=O)CCc1ccccc1,15,207.229,0.8199999999999994,3,2,66.4,5,1,0
HMDB0000874,CC(CCC(=O)NCCS(=O)(=O)[O-])C1CCC2C3C(O)CC4CC(O)CCC4(C)C3CCC12C,CC(CCC(=O)NCCS(=O)(=O)[O-])C1CCC2C3C(O)CC4CC(O)CCC4(C)C3CCC12C,34,498.70600000000036,3.0547000000000013,6,3,126.76,7,0,1
HMDB0000881,O=C(O)c1cc(O)c2cccc(O)c2n1,O=C(O)c1cc(O)c2cccc(O)c2n1,15,205.16899999999998,1.3441999999999998,5,3,90.65,1,2,0
HMDB0000929,[NH3+]C(Cc1c[nH]c2ccccc12)C(=O)O,[NH3+]C(Cc1c[nH]c2ccccc12)C(=O)O,15,205.23699999999997,0.4054999999999995,2,3,80.73,3,2,0
HMDB0001000,O=c1ccn(C2CC(O)C(COP(=O)(O)OP(=O)(O)O)O2)c(=O)[nH]1,O=c1ccn(C2CC(O)C(COP(=O)(O)OP(=O)(O)O)O2)c(=O)[nH]1,24,388.16200000000003,-1.5887000000000002,11,5,197.60999999999996,6,1,1
HMDB0001054,CC(C)=CCCC(C)=CCCC(C)CCOP(=O)(O)OC1OC(CO)C(O)C(O)C1O,CC(C)=CCCC(C)=CCCC(C)CCOP(=O)(O)OC1OC(CO)C(O)C(O)C1O,31,466.5080000000001,2.419000000000001,9,5,145.91000000000003,13,0,2
HMDB0001091,C=CC1(O)C[NH+]2CCC1CC2C(O)c1ccnc2ccc(OC)cc12,C=CC1(O)C[NH+]2CCC1CC2C(O)c1ccnc2ccc(OC)cc12,25,341.4310000000001,0.8710000000000004,4,3,67.02000000000001,4,2,1
HMDB0001204,CN1C(=O)C(OC2OC(C(=O)O)C(O)C(O)C2O)CC1c1cccnc1,CN1C(=O)C(OC2OC(C(=O)O)C(O)C(O)C2O)CC1c1cccnc1,26,368.3420000000001,-1.737799999999998,9,4,149.65000000000003,4,1,0
HMDB0001244,CCCCCC(=O)CCC1C=CC(=O)C1CC=CCCCC(=O)O,CCCCCC(=O)CCC1C=CC(=O)C1CC=CCCCC(=O)O,24,334.4560000000002,4.488500000000004,4,1,71.44,13,0,2
HMDB0001389,COc1ccc2[nH]cc(CCNC(C)=O)c2c1,COc1ccc2[nH]cc(CCNC(C)=O)c2c1,17,232.28299999999996,1.8550999999999997,2,2,54.12,4,2,0
HMDB0001510,CC([NH2+]C(C)(C)C)C(=O)c1cccc(Cl)c1,CC([NH2+]C(C)(C)C)C(=O)c1cccc(Cl)c1,16,240.754,2.2730999999999995,1,1,33.68,3,1,1
HMDB0001518,Cc1c(C)c2c(c(C)c1O)CCC(C)(CCC(=O)O)O2,Cc1c(C)c2c(c(C)c1O)CCC(C)(CCC(=O)O)O2,20,278.34799999999996,3.2659600000000006,4,2,66.76,3,1,0
HMDB0001570,Cc1cn(C2CC3OP(=O)(O)OCC3O2)c(=O)[nH]c1=O,Cc1cn(C2CC3OP(=O)(O)OCC3O2)c(=O)[nH]c1=O,20,304.195,-0.35168000000000016,7,2,119.85,1,1,1
HMDB0001849,CC(C)[NH2+]CC(O)COc1cccc2ccccc12,CC(C)[NH2+]CC(O)COc1cccc2ccccc12,19,260.357,1.5513000000000006,2,2,46.07000000000001,6,2,0
HMDB0001892,CC1=CC(=O)c2ccccc2C1=O,CC1=CC(=O)c2ccccc2C1=O,13,172.18299999999996,2.0119000000000002,2,0,34.14,0,1,0
HMDB0001894,COC(=O)C(Cc1ccccc1)NC(=O)C([NH3+])CC(=O)O,COC(=O)C(Cc1ccccc1)NC(=O)C([NH3+])CC(=O)O,21,295.31500000000005,-1.0278999999999985,5,3,120.33999999999999,7,1,1
HMDB0001925,CC(C)Cc1ccc(C(C)C(=O)O)cc1,CC(C)Cc1ccc(C(C)C(=O)O)cc1,15,206.28499999999997,3.073200000000001,2,1,37.3,4,1,0
HMDB0001938,[NH3+]CCCCC([NH2+]C(CCc1ccccc1)C(=O)O)C(=O)N1CCCC1C(=O)O,[NH3+]CCCCC([NH2+]C(CCc1ccccc1)C(=O)O)C(=O)N1CCCC1C(=O)O,29,407.51100000000025,-0.5077999999999951,5,4,139.16,12,1,1
HMDB0001940,Nc1nc(N)c2nc(-c3ccccc3)c(N)nc2n1,Nc1nc(N)c2nc(-c3ccccc3)c(N)nc2n1,19,253.26900000000003,0.8334000000000001,7,3,129.62,1,3,0
HMDB0002096,O=C(O)CCCc1c[nH]c2ccccc12,O=C(O)CCCc1c[nH]c2ccccc12,15,203.241,2.5752000000000006,2,2,53.089999999999996,4,2,0
HMDB0002114,O=C(C=Cc1ccc(O)cc1)CC(=O)C=Cc1ccc(O)cc1,O=C(C=Cc1ccc(O)cc1)CC(=O)C=Cc1ccc(O)cc1,23,308.333,3.3527000000000022,4,2,74.6,6,2,2
HMDB0002124,O=c1cc(-c2ccc(O)cc2)oc2cc(O)cc(O)c12,O=c1cc(-c2ccc(O)cc2)oc2cc(O)cc(O)c12,20,270.24,2.576800000000001,5,3,90.9,1,3,0
HMDB0002209,Oc1ccc(C2COc3cc(O)ccc3C2)cc1,Oc1ccc(C2COc3cc(O)ccc3C2)cc1,18,242.274,2.8165000000000004,3,2,49.69,1,2,0
HMDB0002236,CCCCCC(O)C=CC1C=CC(=O)C1CCCCCCC(=O)O,CCCCCC(O)C=CC1C=CC(=O)C1CCCCCCC(=O)O,24,336.4720000000001,4.280300000000003,4,2,74.6,13,0,2
HMDB0002269,COc1cc(C=CC(=O)CC(=O)C=Cc2ccc(O)c(OC)c2)ccc1O,COc1cc(C=CC(=O)CC(=O)C=Cc2ccc(O)c(OC)c2)ccc1O,27,368.3850000000001,3.3699000000000026,6,2,93.06000000000002,8,2,2
HMDB0002294,CCC=CCC(O)C(O)C=CC=CC=CC=CC(O)CC=CCCC(=O)O,CCC=CCC(O)C(O)C=CC=CC=CC=CC(O)CC=CCCC(=O)O,27,376.4930000000002,3.4613000000000014,5,4,97.99,14,0,2
HMDB0002302,O=C(O)CCc1c[nH]c2ccccc12,O=C(O)CCc1c[nH]c2ccccc12,14,189.21400000000003,2.1851000000000003,2,2,53.089999999999996,3,2,0
HMDB0002326,O=c1oc2cc(O)ccc2c2oc3cc(O)ccc3c12,O=c1oc2cc(O)ccc2c2oc3cc(O)ccc3c12,20,268.224,3.1036,5,2,83.81,0,4,1
HMDB0002338,COc1ccc(-c2coc3cc(O)cc(O)c3c2=O)cc1,COc1ccc(-c2coc3cc(O)cc(O)c3c2=O)cc1,21,284.267,2.8798000000000012,5,2,79.9,2,3,0
HMDB0002372,O=C(Cc1ccccc1)NC(Cc1ccccc1)C(=O)O,O=C(Cc1ccccc1)NC(Cc1ccccc1)C(=O)O,21,283.327,2.0412,3,2,66.4,6,2,0
HMDB0002708,Oc1cc(O)c2cc(O)c(-c3ccc(O)c(O)c3)[o+]c2c1,Oc1cc(O)c2cc(O)c(-c3ccc(O)c(O)c3)[o+]c2c1,21,287.247,2.908900000000001,6,5,112.45,1,3,2
HMDB0002710,CCCCCC(O)C=CC1C(=O)C=CC1CC=CCCCC(=O)O,CCCCCC(O)C=CC1C(=O)C=CC1CC=CCCCC(=O)O,24,334.45600000000013,4.056300000000003,4,2,74.6,12,0,2
HMDB0002780,Oc1cc(O)c2c(c1)OC(c1ccc(O)c(O)c1)C(O)C2,Oc1cc(O)c2c(c1)OC(c1ccc(O)c(O)c1)C(O)C2,21,290.271,1.5460999999999998,6,5,110.38000000000001,1,2,1
HMDB0002899,O=c1oc2c(O)c(O)cc3c(=O)oc4c(O)c(O)cc1c4c23,O=c1oc2c(O)c(O)cc3c(=O)oc4c(O)c(O)cc1c4c23,22,302.194,1.3127999999999997,8,4,141.34,0,4,3
HMDB0003066,O=C(C=Cc1ccccc1)c1ccccc1,O=C(C=Cc1ccccc1)c1ccccc1,16,208.26000000000002,3.5827000000000018,1,0,17.07,3,2,2
HMDB0003075,O=c1cc(-c2ccccc2)oc2ccccc12,O=c1cc(-c2ccccc2)oc2ccccc12,17,222.243,3.4600000000000017,2,0,30.21,1,3,0
HMDB0003141,CC(C=CC1=C(C)CCCC1(C)C)=CC=CC(C)=CC(=O)OC1OC(C(=O)O)C(O)C(O)C1O,CC(C=CC1=C(C)CCCC1(C)C)=CC=CC(C)=CC(=O)OC1OC(C(=O)O)C(O)C(O)C1O,34,476.5660000000002,2.9534000000000007,8,4,133.52,7,0,3
HMDB0003175,CCCCCC(=O)C=CC1C(O)CC(=O)C1CC=CCCCC(=O)O,CCCCCC(=O)C=CC1C(O)CC(=O)C1CC=CCCCC(=O)O,25,350.45500000000015,3.4593000000000016,5,2,91.67,12,0,3
HMDB0003217,O=c1c(-c2ccc(O)cc2)coc2cc(O)cc(O)c12,O=c1c(-c2ccc(O)cc2)coc2cc(O)cc(O)c12,20,270.24,2.576800000000001,5,3,90.9,1,3,0
HMDB0003218,CC1=C(C)C(=O)OC(C(C)(O)C2CCC3C4CC5OC56C(O)C=CC(=O)C6(C)C4CCC32C)C1,CC1=C(C)C(=O)OC(C(C)(O)C2CCC3C4CC5OC56C(O)C=CC(=O)C6(C)C4CCC32C)C1,34,470.6060000000003,3.4954000000000027,6,2,96.36000000000001,2,0,2
HMDB0003235,CCCCCC(C=CC1C2CC(OO2)C1CC=CCCCC(=O)O)OO,CCCCCC(C=CC1C2CC(OO2)C1CC=CCCCC(=O)O)OO,26,368.47000000000014,4.517400000000003,6,2,85.22000000000001,13,0,4
HMDB0003263,Oc1ccc(-c2[o+]c3cc(O)cc(O)c3cc2O)cc1,Oc1ccc(-c2[o+]c3cc(O)cc(O)c3cc2O)cc1,20,271.248,3.2033000000000005,5,4,92.22000000000001,1,3,1
HMDB0003306,O=C(CCc1ccc(O)cc1)c1c(O)cc(O)cc1O,O=C(CCc1ccc(O)cc1)c1c(O)cc(O)cc1O,20,274.272,2.324500000000001,5,4,97.99000000000001,4,2,1
HMDB0003312,O=c1c(-c2ccc(O)cc2)coc2cc(O)ccc12,O=c1c(-c2ccc(O)cc2)coc2cc(O)ccc12,19,254.24099999999999,2.871200000000001,4,2,70.67,1,3,0
HMDB0003324,C=CC1=C(C)C(=Cc2[nH]c(C=C3N=C(O)C(C)=C3CCC(=O)O)c(CCC(=O)O)c2C)N=C1O,C=CC1=C(C)C(=Cc2[nH]c(C=C3N=C(O)C(C)=C3CCC(=O)O)c(CCC(=O)O)c2C)N=C1O,34,465.5060000000003,4.6461200000000025,6,5,155.57,9,1,0
HMDB0003572,O=C(C=Cc1ccc(O)c(O)c1)OC(Cc1ccc(O)c(O)c1)C(=O)O,O=C(C=Cc1ccc(O)c(O)c1)OC(Cc1ccc(O)c(O)c1)C(=O)O,26,360.3180000000001,1.7612999999999996,8,5,144.52,6,2,3
HMDB0003573,C[NH+]1C2CC(OC(=O)C(CO)c3ccccc3)CC1C1OC12,C[NH+]1C2CC(OC(=O)C(CO)c3ccccc3)CC1C1OC12,22,304.366,-0.4989999999999972,4,2,63.5,4,1,2
HMDB0003601,COc1ccc(CC2c3cc(O)c(OC)cc3CC[NH+]2C)cc1O,COc1ccc(CC2c3cc(O)c(OC)cc3CC[NH+]2C)cc1O,24,330.40400000000005,1.4695999999999996,4,3,63.36,4,2,0
HMDB0003747,Oc1ccc(C=Cc2cc(O)cc(O)c2)cc1,Oc1ccc(C=Cc2cc(O)cc(O)c2)cc1,17,228.247,2.9738000000000016,3,3,60.69,2,2,1
HMDB0003882,Cc1cc2ncn(C3OC(COP(=O)(O)O)C(O)C3O)c2cc1C,Cc1cc2ncn(C3OC(COP(=O)(O)O)C(O)C3O)c2cc1C,24,358.2870000000001,0.38163999999999976,8,4,134.27,4,2,1
HMDB0004078,Nc1c(C(=O)O)c2nc3c(C(=O)O)cccc3oc-2cc1=O,Nc1c(C(=O)O)c2nc3c(C(=O)O)cccc3oc-2cc1=O,22,300.22600000000006,1.2714,8,3,143.72,2,3,2
HMDB0004087,c1ccc(CC2[NH2+]CCc3ccccc32)cc1,c1ccc(CC2[NH2+]CCc3ccccc32)cc1,17,224.32700000000003,2.0898999999999996,0,1,16.61,2,2,0
HMDB0004185,O=C(O)CNC(=O)Cc1c[nH]c2ccc(O)cc12,O=C(O)CNC(=O)Cc1c[nH]c2ccc(O)cc12,18,248.23800000000003,0.6167999999999998,4,4,102.42,4,2,0
HMDB0004215,Oc1cc(O)cc(C=Cc2ccc(O)c(O)c2)c1,Oc1cc(O)cc(C=Cc2ccc(O)c(O)c2)c1,18,244.24599999999998,2.679400000000001,4,4,80.92,2,2,2
HMDB0004238,CCCCCC(O)CC=C1C(=O)C=CC1CC=CCCCC(=O)O,CCCCCC(O)CC=C1C(=O)C=CC1CC=CCCCC(=O)O,24,334.45600000000013,4.200400000000003,4,2,74.6,12,0,3
HMDB0004240,CCCCCC(=O)C=CC1C(O)CC(O)C1CC=CCCCC(=O)O,CCCCCC(=O)C=CC1C(O)CC(O)C1CC=CCCCC(=O)O,25,352.4710000000002,3.251100000000001,5,3,94.83,12,0,3
HMDB0004241,CCCCCC(O)C=CC1C(O)CC(=O)C1CC(=O)CCCCC(=O)O,CCCCCC(O)C=CC1C(O)CC(=O)C1CC(=O)CCCCC(=O)O,26,368.4700000000002,2.6541000000000006,6,3,111.89999999999999,13,0,2
HMDB0004484,CC12CCC3C(CCC4CC(OC5OC(C(=O)O)C(O)C(O)C5O)CCC43C)C1CCC2=O,CC12CCC3C(CCC4CC(OC5OC(C(=O)O)C(O)C(O)C5O)CCC43C)C1CCC2=O,33,466.57100000000025,1.8755999999999988,8,4,133.52,3,0,1
HMDB0004590,CC12CCC3C4CCC(O)CC4=CCC3C1CCC2O,CC12CCC3C4CCC(O)CC4=CCC3C1CCC2O,20,276.41999999999996,3.280900000000002,2,2,40.46,0,0,1
HMDB0004629,CC(C(=O)c1ccc(O)cc1O)c1ccc(O)cc1,CC(C(=O)c1ccc(O)cc1O)c1ccc(O)cc1,19,258.27299999999997,2.7898000000000014,4,3,77.76,3,2,1
HMDB0004685,CCCCCC(=O)CCC1C(O)CC(O)C1CC=CCCCC(=O)O,CCCCCC(=O)CCC1C(O)CC(O)C1CC=CCCCC(=O)O,25,354.4870000000002,3.475100000000002,5,3,94.83,13,0,2
HMDB0004808,CC(=CCC1=C(C)C(=O)c2ccccc2C1=O)CCC(=O)O,CC(=CCC1=C(C)C(=O)c2ccccc2C1=O)CCC(=O)O,22,298.338,3.583300000000002,4,1,71.44,5,1,1
HMDB0004810,CC1=C(CCC(C)C(=O)O)C(=O)c2ccccc2C1=O,CC1=C(CCC(C)C(=O)O)C(=O)c2ccccc2C1=O,20,272.3,2.883000000000001,4,1,71.44,4,1,0
HMDB0005014,Cc1ccc(-c2cc(C(F)(F)F)nn2-c2ccc(S(N)(=O)=O)cc2)cc1,Cc1ccc(-c2cc(C(F)(F)F)nn2-c2ccc(S(N)(=O)=O)cc2)cc1,26,381.3790000000001,3.5139200000000006,3,1,77.98,3,3,0
HMDB0005020,Cc1nc2n(c(=O)c1CC[NH+]1CCC(c3noc4cc(F)ccc34)CC1)CCCC2,Cc1nc2n(c(=O)c1CC[NH+]1CCC(c3noc4cc(F)ccc34)CC1)CCCC2,30,411.50100000000026,2.1733199999999995,4,1,65.36,4,3,0
HMDB0005033,Cc1onc(-c2ccccc2)c1-c1ccc(S(N)(=O)=O)cc1,Cc1onc(-c2ccccc2)c1-c1ccc(S(N)(=O)=O)cc1,22,314.36600000000004,2.9644200000000005,4,1,86.19,3,3,0
HMDB0005035,Cc1nccn1CC1CCc2c(c3ccccc3n2C)C1=O,Cc1nccn1CC1CCc2c(c3ccccc3n2C)C1=O,22,293.37000000000006,3.1285200000000017,2,0,39.82,2,3,0
HMDB0005039,CCCc1nn(C)c2c(=O)nc(-c3cc(S(=O)(=O)N4CC[NH+](C)CC4)ccc3OCC)[nH]c12,CCCc1nn(C)c2c(=O)nc(-c3cc(S(=O)(=O)N4CC[NH+](C)CC4)ccc3OCC)[nH]c12,33,475.5950000000003,0.19380000000000247,6,2,114.61999999999998,7,3,0
HMDB0005041,COc1cc2c(cc1OC)C(=O)C(CC1CC[NH+](Cc3ccccc3)CC1)C2,COc1cc2c(cc1OC)C(=O)C(CC1CC[NH+](Cc3ccccc3)CC1)C2,28,380.50800000000015,2.944000000000001,3,1,39.97,6,2,0
HMDB0005042,O=C1CCc2ccc(OCCCC[NH+]3CCN(c4cccc(Cl)c4Cl)CC3)cc2N1,O=C1CCc2ccc(OCCCC[NH+]3CCN(c4cccc(Cl)c4Cl)CC3)cc2N1,30,449.4020000000001,3.4422000000000015,3,2,46.010000000000005,7,2,1
HMDB0005760,O=C1c2ccc(O)cc2OCC1c1ccc(O)cc1,O=C1c2ccc(O)cc2OCC1c1ccc(O)cc1,19,256.25699999999995,2.4567000000000005,4,2,66.76,1,2,0
HMDB0005781,COc1cc2c(=O)c(-c3ccc(O)cc3)coc2cc1O,COc1cc2c(=O)c(-c3ccc(O)cc3)coc2cc1O,21,284.26700000000005,2.8798000000000017,5,2,79.9,2,3,0
HMDB0005782,COc1ccc(C2CC(=O)c3c(O)cc(O)cc3O2)cc1O,COc1ccc(C2CC(=O)c3c(O)cc(O)cc3O2)cc1O,22,302.28200000000004,2.518500000000001,6,3,96.22000000000001,2,2,0
HMDB0005789,COc1cc(CCC(=O)CC(=O)CCc2ccc(O)c(OC)c2)ccc1O,COc1cc(CCC(=O)CC(=O)CCc2ccc(O)c(OC)c2)ccc1O,27,372.4170000000001,3.2087000000000026,6,2,93.06000000000002,10,2,1
HMDB0005801,O=c1c(O)c(-c2ccc(O)cc2)oc2cc(O)cc(O)c12,O=c1c(O)c(-c2ccc(O)cc2)oc2cc(O)cc(O)c12,21,286.23900000000003,2.2824000000000004,6,4,111.13000000000001,1,3,0
HMDB0005808,COc1ccc(-c2coc3cc(O)ccc3c2=O)cc1,COc1ccc(-c2coc3cc(O)ccc3c2=O)cc1,20,268.268,3.1742000000000017,4,1,59.67,2,3,0
HMDB0005897,O=C1c2c(O)cc(O)cc2OCC1c1ccc(O)cc1,O=C1c2c(O)cc(O)cc2OCC1c1ccc(O)cc1,20,272.256,2.1622999999999992,5,3,86.99000000000001,1,2,0
HMDB0006005,O=C(O)CN=C(O)C=Cc1c[nH]c2ccccc12,O=C(O)CN=C(O)C=Cc1c[nH]c2ccccc12,18,244.25,2.2222,3,3,85.68,4,2,2
HMDB0006061,O=C(O)CCC(NC(=O)Cc1ccc(O)cc1)C(=O)O,O=C(O)CCC(NC(=O)Cc1ccc(O)cc1)C(=O)O,20,281.264,0.36889999999999984,6,4,123.93000000000002,7,1,0
HMDB0006101,O=C1OCC(Cc2cccc(O)c2)C1Cc1cccc(O)c1,O=C1OCC(Cc2cccc(O)c2)C1Cc1cccc(O)c1,22,298.338,2.672200000000001,4,2,66.76,4,2,1
HMDB0006203,CC12CCC(=O)CC1CCC1C2CCC2(C)C(OC3OC(C(=O)O)C(O)C(O)C3O)CCC12,CC12CCC(=O)CC1CCC1C2CCC2(C)C(OC3OC(C(=O)O)C(O)C(O)C3O)CCC12,33,466.57100000000014,1.875599999999999,8,4,133.52,3,0,0
HMDB0006217,CC(C=CC1=C(C)CCCC1(C)C)=CC=CC(C)=CCO,CC(C=CC1=C(C)CCCC1(C)C)=CC=CC(C)=CCO,21,286.45900000000006,5.510300000000006,1,1,20.23,5,0,1
HMDB0006218,CC(C=CC=C(C)C=CC1=C(C)CCCC1(C)C)=CC=O,CC(C=CC=C(C)C=CC1=C(C)CCCC1(C)C)=CC=O,21,284.4429999999999,5.716900000000005,1,0,17.07,5,0,3
HMDB0006285,CC(C=CC1=C(C)C(=O)CCC1(C)C)=CC=CC(C)=CC(=O)O,CC(C=CC1=C(C)C(=O)CCC1(C)C)=CC=CC(C)=CC(=O)O,23,314.425,4.7816000000000045,3,1,54.370000000000005,5,0,2
HMDB0006344,NC(=O)CCC(NC(=O)Cc1ccccc1)C(=O)O,NC(=O)CCC(NC(=O)Cc1ccccc1)C(=O)O,19,264.281,0.06399999999999956,4,3,109.49,7,1,0
HMDB0006552,COc1cc2c(c3oc(=O)c4c(c13)CCC4=O)C1C=COC1O2,COc1cc2c(c3oc(=O)c4c(c13)CCC4=O)C1C=COC1O2,23,312.277,2.2764999999999995,6,0,74.97,1,2,1
HMDB0010314,O=C(OC1OC(C(=O)O)C(O)C(O)C1O)c1ccccc1O,O=C(OC1OC(C(=O)O)C(O)C(O)C1O)c1ccccc1O,22,314.24600000000004,-1.558799999999999,9,5,153.75,3,1,1
HMDB0010321,CC12CCC3C(CCC4CC(OC(=O)C5OC(O)C(O)C(O)C5O)CCC43C)C1CCC2O,CC12CCC3C(CCC4CC(OC(=O)C5OC(O)C(O)C(O)C5O)CCC43C)C1CCC2O,33,468.5870000000002,1.1016999999999988,8,5,136.68,2,0,1
HMDB0010322,CC12CCC3c4ccc(OC5OC(C(=O)O)C(O)C(O)C5O)cc4CCC3C1CCC2O,CC12CCC3c4ccc(OC5OC(C(=O)O)C(O)C(O)C5O)cc4CCC3C1CCC2O,32,448.5120000000002,1.1745999999999994,8,5,136.68,3,1,0
HMDB0010323,O=C(O)C1OC([NH2+]CCc2ccccc2)C(O)C(O)C1O,O=C(O)C1OC([NH2+]CCc2ccccc2)C(O)C(O)C1O,21,298.31500000000005,-2.3152999999999966,6,5,123.83000000000001,5,1,0
HMDB0010324,O=C(OC1OC(C(=O)O)C(O)C(O)C1O)c1ccccc1,O=C(OC1OC(C(=O)O)C(O)C(O)C1O)c1ccccc1,21,298.247,-1.264399999999999,8,4,133.52,3,1,1
HMDB0010334,CC(C(=O)OC1OC(C(=O)O)C(O)C(O)C1O)c1cccc(C(=O)c2ccccc2)c1,CC(C(=O)OC1OC(C(=O)O)C(O)C(O)C1O)c1cccc(C(=O)c2ccccc2)c1,31,430.40900000000016,0.4565000000000008,9,4,150.59,6,2,2
HMDB0010338,CC12CC(=O)C3C(CCC4CC(OC5OC(C(=O)O)C(O)C(O)C5O)CCC43C)C1CCC2=O,CC12CC(=O)C3C(CCC4CC(OC5OC(C(=O)O)C(O)C(O)C5O)CCC43C)C1CCC2=O,34,480.55400000000026,1.0545999999999993,9,4,150.59,3,0,1
HMDB0010340,CC(C=CC1=C(C)CCCC1(C)C)=CC=CC(C)=CCOC1OC(C(=O)O)C(O)C(O)C1O,CC(C=CC1=C(C)CCCC1(C)C)=CC=CC(C)=CCOC1OC(C(=O)O)C(O)C(O)C1O,33,462.5830000000002,3.4268000000000023,7,4,116.45000000000002,8,0,1
HMDB0010341,C[NH+]1CCC23CCCCC2C1Cc1ccc(OC2OC(C(=O)O)C(O)C(O)C2O)cc13,C[NH+]1CCC23CCCCC2C1Cc1ccc(OC2OC(C(=O)O)C(O)C(O)C2O)cc13,31,434.5090000000001,-0.7712999999999977,7,5,120.89000000000001,3,1,0
HMDB0010343,CC(C)Cc1ccc(C(C)C(=O)OC2OC(C(=O)O)C(O)C(O)C2O)cc1,CC(C)Cc1ccc(C(C)C(=O)OC2OC(C(=O)O)C(O)C(O)C2O)cc1,27,382.409,0.42399999999999916,8,4,133.52,6,1,1
HMDB0010347,CCCCCCCC(=O)OC1OC(C(=O)O)C(O)C(O)C1O,CCCCCCCC(=O)OC1OC(C(=O)O)C(O)C(O)C1O,22,320.338,-0.21770000000000078,8,4,133.52,8,0,2
HMDB0010348,CC12CCC3C(CC=C4CC(OC5OC(C(=O)O)C(O)C(O)C5O)CCC43C)C1CCC2=O,CC12CCC3C(CC=C4CC(OC5OC(C(=O)O)C(O)C(O)C5O)CCC43C)C1CCC2=O,33,464.5550000000003,1.795699999999999,8,4,133.52,3,0,1
HMDB0010351,CC12CC(O)C3C(CCC4CC(OC5OC(C(=O)O)C(O)C(O)C5O)CCC43C)C1CCC2=O,CC12CC(O)C3C(CCC4CC(OC5OC(C(=O)O)C(O)C(O)C5O)CCC43C)C1CCC2=O,34,482.5700000000003,0.8463999999999997,9,5,153.75,3,0,1
HMDB0010353,CC12CCC3C4CCC(=O)C=C4CCC3C1C(OC1OC(C(=O)O)C(O)C(O)C1O)CC2=O,CC12CCC3C4CCC(=O)C=C4CCC3C1C(OC1OC(C(=O)O)C(O)C(O)C1O)CC2=O,33,464.5110000000002,0.5845999999999991,9,4,150.59,3,0,0
HMDB0010362,COc1cc2cc[nH]c2cc1OC1OC(C(=O)O)C(O)C(O)C1O,COc1cc2cc[nH]c2cc1OC1OC(C(=O)O)C(O)C(O)C1O,24,339.3,-0.5525000000000005,8,5,141.47,4,2,0
HMDB0010363,COc1cc2[nH]ccc2cc1OC1OC(C(=O)O)C(O)C(O)C1O,COc1cc2[nH]ccc2cc1OC1OC(C(=O)O)C(O)C(O)C1O,24,339.3,-0.5525000000000005,8,5,141.47,4,2,0
HMDB0011167,[NH3+]C(CC(=O)NC(Cc1ccccc1)C(=O)O)C(=O)O,[NH3+]C(CC(=O)NC(Cc1ccccc1)C(=O)O)C(=O)O,20,281.288,-1.1162999999999978,5,4,131.34,7,1,0
HMDB0011179,O=C(O)C(Cc1ccccc1)NC(=O)C1CCC[NH2+]1,O=C(O)C(Cc1ccccc1)NC(=O)C1CCC[NH2+]1,19,263.317,-0.47569999999999885,3,3,83.01,5,1,0
HMDB0011658,O=C(O)C1OC(Oc2ccc3cccc(O)c3n2)C(O)C(O)C1O,O=C(O)C1OC(Oc2ccc3cccc(O)c3n2)C(O)C(O)C1O,24,337.28400000000005,-0.7886000000000004,9,5,149.57,3,2,0
HMDB0011686,Cc1ccc(OC2OC(C(=O)O)C(O)C(O)C2O)cc1,Cc1ccc(OC2OC(C(=O)O)C(O)C(O)C2O)cc1,20,284.264,-0.7339800000000007,7,4,116.45000000000002,3,1,0
HMDB0011687,NC(=O)CCC(NC(=O)CCCc1ccccc1)C(=O)O,NC(=O)CCC(NC(=O)CCCc1ccccc1)C(=O)O,21,292.33500000000004,0.844199999999999,4,3,109.49,9,1,0
HMDB0011723,Cc1ccccc1C(=O)NCC(=O)O,Cc1ccccc1C(=O)NCC(=O)O,14,193.20199999999997,0.80942,3,2,66.4,3,1,0
HMDB0012111,OC(c1ccccc1)C(O)c1ccccc1,OC(c1ccccc1)C(O)c1ccccc1,16,214.264,2.4536,2,2,40.46,3,2,0
HMDB0012138,Oc1cccc2ccccc12,Oc1cccc2ccccc12,11,144.17299999999997,2.5454000000000008,1,1,20.23,0,2,0
HMDB0012220,O=C(O)C1=CC(=CC=NC(CC2=CC(=O)C(=O)C=C2)C(=O)O)CC(C(=O)O)N1,O=C(O)C1=CC(=CC=NC(CC2=CC(=O)C(=O)C=C2)C(=O)O)CC(C(=O)O)N1,28,388.3320000000001,-0.1236999999999997,9,4,170.42999999999998,7,0,3
HMDB0012240,CC(C)=CCNc1ncnc2c1ncn2C1OC(CO)C(O)C(O)C1O,CC(C)=CCNc1ncnc2c1ncn2C1OC(CO)C(O)C(O)C1O,26,365.3900000000001,-0.8232000000000008,9,5,145.78,5,2,1
HMDB0012281,O=C(O)C1=CC(=CC=NC(Cc2ccc(O)cc2)C(=O)O)CC(C(=O)O)N1,O=C(O)C1=CC(=CC=NC(Cc2ccc(O)cc2)C(=O)O)CC(C(=O)O)N1,27,374.3490000000001,0.8001000000000003,8,5,156.52,7,1,1
HMDB0012322,Oc1ccc2ccccc2c1,Oc1ccc2ccccc2c1,11,144.17299999999997,2.5454,1,1,20.23,0,2,0
HMDB0012468,O=S(=O)([O-])OC1Cc2cc(O)cc(O)c2OC1c1cc(O)c(O)c(O)c1,O=S(=O)([O-])OC1Cc2cc(O)cc(O)c2OC1c1cc(O)c(O)c(O)c1,26,385.3260000000001,0.7361999999999995,10,5,176.81,3,2,3
HMDB0012488,c1ccc2c3c([nH]c2c1)C[NH2+]CC3,c1ccc2c3c([nH]c2c1)C[NH2+]CC3,13,173.23899999999995,0.7873999999999995,0,2,32.4,0,2,0
HMDB0012534,CCC=CCC=CC=CC(O)CC=CCC=CCCCC(=O)O,CCC=CCC=CC=CC(O)CC=CCC=CCCCC(=O)O,23,318.4570000000001,4.963500000000004,3,2,57.53,13,0,3
HMDB0012622,CC12CCC3c4cc(O)c(OS(=O)(=O)[O-])cc4CCC3C1CCC2=O,CC12CCC3c4cc(O)c(OS(=O)(=O)[O-])cc4CCC3C1CCC2=O,25,365.4270000000002,2.6564000000000005,6,1,103.72999999999999,2,1,2
HMDB0012638,CCC(O)C=CC1C(O)CC(=O)C1CC=CCC=CCC=CCCC(=O)O,CCC(O)C=CC1C(O)CC(=O)C1CC=CCC=CCC=CCCC(=O)O,27,376.4930000000001,3.583300000000002,5,3,94.83,12,0,1
HMDB0012782,COc1c(O)ccc2c1CCC1C2CCC2(C)C(O)CCC12,COc1c(O)ccc2c1CCC1C2CCC2(C)C(O)CCC12,22,302.414,3.6178000000000026,3,2,49.69,1,1,0
HMDB0012897,c1ccc2c(c1)[nH]c1cnccc12,c1ccc2c(c1)[nH]c1cnccc12,13,168.19899999999998,2.7161,1,1,28.68,0,3,0
HMDB0012994,CCC=CCC=CCC=CC=CC=CC(SCC([NH3+])C(=O)NCC(=O)O)C(O)CCCC(=O)O,CCC=CCC=CCC=CC=CC=CC(SCC([NH3+])C(=O)NCC(=O)O)C(O)CCCC(=O)O,34,495.6620000000003,2.4865000000000004,7,5,151.57,19,0,2
HMDB0013039,CCCCCC(C=CC1C2CC(OO2)C1CCCCCCC(=O)O)OO,CCCCCC(C=CC1C2CC(OO2)C1CCCCCCC(=O)O)OO,26,370.4860000000001,4.741400000000004,6,2,85.22000000000001,14,0,4
HMDB0013040,CCC=CCC(O)C=CC1C2CC(OO2)C1CC=CCCCC(=O)O,CCC=CCC(O)C=CC1C2CC(OO2)C1CC=CCCCC(=O)O,25,350.45500000000015,3.7961000000000027,5,2,75.99,11,0,3
HMDB0013139,Oc1ccc2ccc3cccc4ccc1c2c34,Oc1ccc2ccc3cccc4ccc1c2c34,17,218.255,4.289600000000002,1,1,20.23,0,4,1
HMDB0013163,Oc1ccc2c(c1)Cc1ccccc1-2,Oc1ccc2c(c1)Cc1ccccc1-2,14,182.222,2.963400000000001,1,1,20.23,0,3,0
HMDB0013189,O=C(OC1OC(C(=O)O)C(O)C(O)C1O)c1c[nH]c2ccccc12,O=C(OC1OC(C(=O)O)C(O)C(O)C1O)c1c[nH]c2ccccc12,24,337.28400000000005,-0.7830999999999988,8,5,149.31,3,2,1
HMDB0013209,CC([NH3+])C(=O)NC(Cc1c[nH]c2ccccc12)C(=O)O,CC([NH3+])C(=O)NC(Cc1c[nH]c2ccccc12)C(=O)O,20,276.31600000000003,-0.0897999999999986,3,4,109.83,5,2,0
HMDB0013240,NC(=O)CCC(NC(=O)Cc1c[nH]c2ccccc12)C(=O)O,NC(=O)CCC(NC(=O)Cc1c[nH]c2ccccc12)C(=O)O,22,303.3180000000001,0.5452999999999992,4,4,125.27999999999999,7,2,0
HMDB0013243,CC(C)CC([NH3+])C(=O)NC(Cc1ccccc1)C(=O)O,CC(C)CC([NH3+])C(=O)NC(Cc1ccccc1)C(=O)O,20,279.36,0.4551000000000018,3,3,94.04,7,1,0
HMDB0013245,Cc1cccc(C(=O)NCC(=O)O)c1,Cc1cccc(C(=O)NCC(=O)O)c1,14,193.202,0.80942,3,2,66.4,3,1,0
HMDB0013302,[NH3+]C(Cc1ccccc1)C(=O)NC(Cc1ccccc1)C(=O)O,[NH3+]C(Cc1ccccc1)C(=O)NC(Cc1ccccc1)C(=O)O,23,313.377,0.6516999999999995,3,3,94.04,7,2,0
HMDB0013318,NC(=O)C([NH3+])Cc1c[nH]c2ccccc12,NC(=O)C([NH3+])Cc1c[nH]c2ccccc12,15,204.25300000000001,-0.19379999999999953,1,3,86.52000000000001,3,2,0
HMDB0013636,O=C(O)c1cc(C(=O)O)c2c(n1)C(=O)C(=O)c1cc(C(=O)O)[nH]c1-2,O=C(O)c1cc(C(=O)O)c2c(n1)C(=O)C(=O)c1cc(C(=O)O)[nH]c1-2,24,330.208,0.5503,9,4,174.71999999999997,3,2,1
HMDB0013679,O=c1ccc2c(O)c3ccoc3cc2o1,O=c1ccc2c(O)c3ccoc3cc2o1,15,202.165,2.2447999999999997,4,1,63.58,0,3,1
HMDB0013680,O=C(C=Cc1ccc(O)c(O)c1)OC(C(=O)O)C(O)C(=O)O,O=C(C=Cc1ccc(O)c(O)c1)OC(C(=O)O)C(O)C(=O)O,22,312.23,-0.4471000000000001,9,5,161.59,6,1,3
HMDB0013692,COc1cc(CC(CO)C(CO)Cc2ccc(O)c(OC)c2)ccc1O,COc1cc(CC(CO)C(CO)Cc2ccc(O)c(OC)c2)ccc1O,26,362.4220000000001,2.1172,6,4,99.38000000000001,9,2,0
HMDB0013695,O=c1oc2cc(O)ccc2c2ccc(O)cc12,O=c1oc2cc(O)ccc2c2ccc(O)cc12,17,228.20299999999997,2.3573999999999993,4,2,70.67,0,3,2
HMDB0013696,O=c1oc2cc(O)ccc2c2ccccc12,O=c1oc2cc(O)ccc2c2ccccc12,16,212.20399999999998,2.6518000000000006,3,1,50.44,0,3,2
HMDB0013713,CC(=O)NC(Cc1c[nH]c2ccccc12)C(=O)O,CC(=O)NC(Cc1c[nH]c2ccccc12)C(=O)O,18,246.266,1.2997,3,3,82.19,4,2,0
HMDB0013806,CC(C)c1cccc(C(C)C)c1,CC(C)c1cccc(C(C)C)c1,12,162.27599999999995,3.9334000000000024,0,0,0.0,2,1,0
HMDB0013846,CCCCc1nc(Cl)c(C=O)n1Cc1ccc(-c2ccccc2-c2nnn[nH]2)cc1,CCCCc1nc(Cl)c(C=O)n1Cc1ccc(-c2ccccc2-c2nnn[nH]2)cc1,30,420.9040000000001,4.587000000000004,5,1,89.35,8,4,1
HMDB0013852,Cc1cc(NS(=O)(=O)c2ccc(NO)cc2)no1,Cc1cc(NS(=O)(=O)c2ccc(NO)cc2)no1,18,269.28200000000004,1.5849199999999997,6,3,104.46000000000001,4,2,1
HMDB0013854,CC(O)=Nc1ccc(S(=O)(=O)Nc2cc(C)on2)cc1,CC(O)=Nc1ccc(S(=O)(=O)Nc2cc(C)on2)cc1,20,295.32,2.3917200000000003,5,2,104.79,4,2,2
HMDB0013862,Cc1ccc(NC(=O)c2ccc(C[NH+]3CC[NH2+]CC3)cc2)cc1Nc1nccc(-c2cccnc2)n1,Cc1ccc(NC(=O)c2ccc(C[NH+]3CC[NH2+]CC3)cc2)cc1Nc1nccc(-c2cccnc2)n1,36,481.60400000000016,1.8048200000000008,5,4,100.85,7,4,0
HMDB0013871,O=C1CCC(N2C(=O)c3ccc(O)cc3C2=O)C(=O)N1,O=C1CCC(N2C(=O)c3ccc(O)cc3C2=O)C(=O)N1,20,274.23199999999997,-0.20660000000000006,5,2,103.78,1,1,1
HMDB0013872,O=C1CCC(N2C(=O)C3=CC4OC4C=C3C2=O)C(=O)N1,O=C1CCC(N2C(=O)C3=CC4OC4C=C3C2=O)C(=O)N1,20,274.23199999999997,-1.2057999999999993,5,1,96.08000000000001,1,0,2
HMDB0013886,CC(=O)CC(c1ccccc1)c1c(O)oc2cc(O)ccc2c1=O,CC(=O)CC(c1ccccc1)c1c(O)oc2cc(O)ccc2c1=O,24,324.33200000000005,3.3152000000000017,5,2,87.74000000000001,4,3,0
HMDB0013888,C[NH+](C)CCC=C1c2ccccc2CC(O)c2ccccc21,C[NH+](C)CCC=C1c2ccccc2CC(O)c2ccccc21,22,294.418,2.2424,1,2,24.67,3,2,0
HMDB0013889,C[NH2+]CCC=C1c2ccccc2CC(O)c2ccccc21,C[NH2+]CCC=C1c2ccccc2CC(O)c2ccccc21,21,280.391,2.2911,1,2,36.84,3,2,1
HMDB0013911,O=C1Nc2c(CO)ccnc2N(C2CC2)c2ncccc21,O=C1Nc2c(CO)ccnc2N(C2CC2)c2ncccc21,21,282.303,1.8350999999999997,5,2,78.35,2,2,0
HMDB0013919,O=S(=O)(CCc1ccc2[nH]cc(CC3CCC[NH2+]3)c2c1)c1ccccc1,O=S(=O)(CCc1ccc2[nH]cc(CC3CCC[NH2+]3)c2c1)c1ccccc1,26,369.51000000000005,2.4526000000000003,2,2,66.53999999999999,6,3,0
HMDB0013924,Clc1ccccc1C[N+]1=Cc2ccsc2CC1,Clc1ccccc1C[N+]1=Cc2ccsc2CC1,17,262.785,3.5892000000000017,0,0,3.01,2,2,1
HMDB0013926,Clc1ccccc1CN1C=Cc2sccc2C1,Clc1ccccc1CN1C=Cc2sccc2C1,17,261.77700000000004,4.388000000000003,1,0,3.24,2,2,0
HMDB0013946,COc1ccccc1OCC[NH2+]CC(O)COc1cccc2[nH]c3c(O)cccc3c12,COc1ccccc1OCC[NH2+]CC(O)COc1cccc2[nH]c3c(O)cccc3c12,31,423.48900000000003,2.4174000000000007,5,4,100.55,10,4,1
HMDB0013947,COc1cc(O)ccc1OCC[NH2+]CC(O)COc1cccc2[nH]c3ccccc3c12,COc1cc(O)ccc1OCC[NH2+]CC(O)COc1cccc2[nH]c3ccccc3c12,31,423.4890000000001,2.4173999999999998,5,4,100.55000000000001,10,4,1
HMDB0013948,COc1ccc(O)cc1OCC[NH2+]CC(O)COc1cccc2[nH]c3ccccc3c12,COc1ccc(O)cc1OCC[NH2+]CC(O)COc1cccc2[nH]c3ccccc3c12,31,423.4890000000001,2.4173999999999998,5,4,100.55000000000001,10,4,1
HMDB0013949,Oc1ccccc1OCC[NH2+]CC(O)COc1cccc2[nH]c3ccccc3c12,Oc1ccccc1OCC[NH2+]CC(O)COc1cccc2[nH]c3ccccc3c12,29,393.4630000000001,2.4087999999999994,4,4,91.32,9,4,1
HMDB0013950,COc1ccccc1OCC[NH2+]CC(O)COc1ccc(O)c2[nH]c3ccccc3c12,COc1ccccc1OCC[NH2+]CC(O)COc1ccc(O)c2[nH]c3ccccc3c12,31,423.48900000000003,2.4174000000000007,5,4,100.55000000000001,10,4,1
HMDB0013958,COc1cc2c(cc1O)CC(CC1CC[NH+](Cc3ccccc3)CC1)C2=O,COc1cc2c(cc1O)CC(CC1CC[NH+](Cc3ccccc3)CC1)C2=O,27,366.4810000000001,2.641000000000001,3,2,50.97,5,2,0
HMDB0013959,COc1cc2c(cc1O)C(=O)C(CC1CC[NH+](Cc3ccccc3)CC1)C2,COc1cc2c(cc1O)C(=O)C(CC1CC[NH+](Cc3ccccc3)CC1)C2,27,366.4810000000001,2.641000000000001,3,2,50.97,5,2,0
HMDB0013960,COc1cc2c(cc1OC)C(=O)C(CC1CC[NH2+]CC1)C2,COc1cc2c(cc1OC)C(=O)C(CC1CC[NH2+]CC1)C2,21,290.38300000000004,1.4223000000000001,3,1,52.14,4,1,0
HMDB0013961,COc1ccc(CC[NH+](C)CCCC(C#N)(c2ccc(OC)c(OC)c2)C(C)C)cc1O,COc1ccc(CC[NH+](C)CCCC(C#N)(c2ccc(OC)c(OC)c2)C(C)C)cc1O,32,441.5920000000002,3.3729800000000023,5,2,76.15,12,2,0
HMDB0013972,Cc1ccc(O)c(C(CC[NH2+]C(C)C)c2ccccc2)c1,Cc1ccc(O)c(C(CC[NH2+]C(C)C)c2ccccc2)c1,21,284.423,3.194420000000002,1,2,36.84,6,2,0
HMDB0013974,O=C(O)Cc1ccccc1Nc1c(Cl)cc(O)cc1Cl,O=C(O)Cc1ccccc1Nc1c(Cl)cc(O)cc1Cl,20,312.15200000000004,4.069700000000001,4,3,69.56,4,2,1
HMDB0013976,O=C(O)Cc1ccccc1Nc1c(Cl)ccc(O)c1Cl,O=C(O)Cc1ccccc1Nc1c(Cl)ccc(O)c1Cl,20,312.15200000000004,4.069700000000002,4,3,69.56,4,2,0
HMDB0013989,CC(C(=O)O)c1ccc2cc(O)ccc2c1,CC(C(=O)O)c1ccc2cc(O)ccc2c1,16,216.236,2.7335000000000003,3,2,57.53,2,2,0
HMDB0013995,NS(=O)(=O)c1ccc(-n2nc(C(F)(F)F)cc2-c2ccc(CO)cc2)cc1,NS(=O)(=O)c1ccc(-n2nc(C(F)(F)F)cc2-c2ccc(CO)cc2)cc1,27,397.3780000000001,2.697800000000001,4,2,98.21000000000001,4,3,0
HMDB0014027,Cc1ccc(S(=O)(=O)NC(=O)NN2CC3CC(O)CC3C2)cc1,Cc1ccc(S(=O)(=O)NC(=O)NN2CC3CC(O)CC3C2)cc1,23,339.4170000000001,0.6006199999999993,5,3,98.74,3,1,0
HMDB0014028,Cc1ccc(S(=O)(=O)NC(=O)NN2CC3CCC(O)C3C2)cc1,Cc1ccc(S(=O)(=O)NC(=O)NN2CC3CCC(O)C3C2)cc1,23,339.4170000000001,0.6006199999999993,5,3,98.74,3,1,0
HMDB0014029,O=C(NN1CC2CCCC2C1)NS(=O)(=O)c1ccc(CO)cc1,O=C(NN1CC2CCCC2C1)NS(=O)(=O)c1ccc(CO)cc1,23,339.4170000000001,0.8136999999999994,5,3,98.74000000000001,4,1,0
HMDB0014256,O=C(O)CCCC=CCC1C(O)CC(O)C1C=CC(F)(F)COc1ccccc1,O=C(O)CCCC=CCC1C(O)CC(O)C1C=CC(F)(F)COc1ccccc1,29,410.45700000000016,3.8160000000000034,5,3,86.99000000000001,11,1,2
HMDB0014257,[NH3+]CCC=C1c2ccccc2CC(O)c2ccccc21,[NH3+]CCC=C1c2ccccc2CC(O)c2ccccc21,20,266.36400000000003,2.3398000000000003,1,2,47.870000000000005,2,2,0
HMDB0014325,CC(Cc1ccc(O)c(O)c1)C(C)Cc1ccc(O)c(O)c1,CC(Cc1ccc(O)c(O)c1)C(C)Cc1ccc(O)c(O)c1,22,302.37,3.5664000000000033,4,4,80.92,5,2,1
HMDB0014353,Clc1ccccc1C[NH+]1CCc2sccc2C1,Clc1ccccc1C[NH+]1CCc2sccc2C1,17,264.801,2.5427,0,1,4.44,2,2,0
HMDB0014359,Cc1cccc(Nc2ccncc2S(=O)(=O)NC(=O)NC(C)C)c1,Cc1cccc(Nc2ccncc2S(=O)(=O)NC(=O)NC(C)C)c1,24,348.4280000000001,2.5299199999999997,5,3,100.19,5,2,0
HMDB0014361,C[NH+]1CCCC1Cc1c[nH]c2ccc(CCS(=O)(=O)c3ccccc3)cc12,C[NH+]1CCCC1Cc1c[nH]c2ccc(CCS(=O)(=O)c3ccccc3)cc12,27,383.5370000000001,2.4039,2,2,54.37,6,3,0
HMDB0014367,CCC1=C(C)CN(C(=O)NCCc2ccc(S(=O)(=O)NC(=O)NC3CCC(C)CC3)cc2)C1=O,CCC1=C(C)CN(C(=O)NCCc2ccc(S(=O)(=O)NC(=O)NC3CCC(C)CC3)cc2)C1=O,34,490.6260000000003,3.0740000000000016,5,3,124.68,7,1,0
HMDB0014383,Cc1ccnc2c1NC(=O)c1cccnc1N2C1CC1,Cc1ccnc2c1NC(=O)c1cccnc1N2C1CC1,20,266.30400000000003,2.6512200000000004,4,1,58.120000000000005,1,2,0
HMDB0014388,COc1ccccc1OCC(O)C[NH+]1CC[NH+](CC(=O)Nc2c(C)cccc2C)CC1,COc1ccccc1OCC(O)C[NH+]1CC[NH+](CC(=O)Nc2c(C)cccc2C)CC1,31,429.5610000000002,-0.5261599999999946,4,4,76.66999999999999,9,2,0
HMDB0014390,C[NH+]1C2CCC1CC(OC(c1ccccc1)c1ccccc1)C2,C[NH+]1C2CCC1CC(OC(c1ccccc1)c1ccccc1)C2,23,308.44500000000005,3.000700000000002,1,1,13.670000000000002,4,2,0
HMDB0014391,O=C1Cc2cc(CC[NH+]3CCN(c4nsc5ccccc45)CC3)c(Cl)cc2N1,O=C1Cc2cc(CC[NH+]3CCN(c4nsc5ccccc45)CC3)c(Cl)cc2N1,28,413.9540000000001,2.3918999999999997,3,2,49.67,4,3,0
HMDB0014395,Nc1ccc(S(=O)(=O)c2ccc(N)cc2)cc1,Nc1ccc(S(=O)(=O)c2ccc(N)cc2)cc1,17,248.30700000000002,1.6838000000000002,4,2,86.18,2,2,1
HMDB0014408,Cc1noc(NS(=O)(=O)c2ccc(N)cc2)c1C,Cc1noc(NS(=O)(=O)c2ccc(N)cc2)c1C,18,267.31,1.67444,5,2,98.22,3,2,1
HMDB0014411,O=c1oc2ccccc2c(O)c1Cc1c(O)c2ccccc2oc1=O,O=c1oc2ccccc2c(O)c1Cc1c(O)c2ccccc2oc1=O,25,336.29900000000004,2.9014000000000006,6,2,100.88,2,4,1
HMDB0014420,CCCc1nc(C(C)(C)O)c(C(=O)O)n1Cc1ccc(-c2ccccc2-c2nnn[nH]2)cc1,CCCc1nc(C(C)(C)O)c(C(=O)O)n1Cc1ccc(-c2ccccc2-c2nnn[nH]2)cc1,33,446.5110000000001,3.656600000000002,7,3,129.81,8,4,0
HMDB0014421,COc1cc(NS(C)(=O)=O)ccc1Nc1c2ccccc2nc2ccccc12,COc1cc(NS(C)(=O)=O)ccc1Nc1c2ccccc2nc2ccccc12,28,393.46800000000013,4.511700000000003,5,2,80.32,5,4,1
HMDB0014438,Cc1nc(=O)c2cc(CN(C)c3ccc(C(=O)NC(CCC(=O)O)C(=O)O)s3)ccc2[nH]1,Cc1nc(=O)c2cc(CN(C)c3ccc(C(=O)NC(CCC(=O)O)C(=O)O)s3)ccc2[nH]1,32,458.4960000000002,1.9772199999999995,8,4,152.69,9,3,0
HMDB0014443,Cc1ccccc1N1CC[NH+](CCc2nnc3n2CCCC3)CC1,Cc1ccccc1N1CC[NH+](CCc2nnc3n2CCCC3)CC1,24,326.4680000000002,0.8704200000000006,3,1,38.39,4,2,0
HMDB0014446,Cc1onc(-c2c(F)cccc2Cl)c1C(=O)NC1C(=O)N2C1SC(C)(C)C2C(=O)O,Cc1onc(-c2c(F)cccc2Cl)c1C(=O)NC1C(=O)N2C1SC(C)(C)C2C(=O)O,30,453.8790000000002,2.6878199999999994,7,2,112.74,4,2,1
HMDB0014448,CC(O)C1C(=O)N2C(C(=O)O)=C(SC3C[NH2+]C(C(=O)Nc4cccc(C(=O)O)c4)C3)C(C)C12,CC(O)C1C(=O)N2C(C(=O)O)=C(SC3C[NH2+]C(C(=O)Nc4cccc(C(=O)O)c4)C3)C(C)C12,33,476.53100000000023,-0.08549999999999791,8,5,160.85,7,1,1
HMDB0014462,COc1cc2ncnc(Nc3ccc(F)c(Cl)c3)c2cc1OCCC[NH+]1CCOCC1,COc1cc2ncnc(Nc3ccc(F)c(Cl)c3)c2cc1OCCC[NH+]1CCOCC1,31,447.9180000000004,2.858500000000001,6,2,69.94000000000001,8,3,1
HMDB0014466,C[NH+](C)CCC=C1c2ccccc2CCc2ccccc21,C[NH+](C)CCC=C1c2ccccc2CCc2ccccc21,21,278.419,2.751500000000001,0,1,4.44,3,2,0
HMDB0014468,Cc1ccc(C(=O)c2cc(O)c(O)c([N+](=O)[O-])c2)cc1,Cc1ccc(C(=O)c2cc(O)c(O)c([N+](=O)[O-])c2)cc1,20,273.24399999999997,2.545420000000002,5,2,100.67,3,2,4
HMDB0014476,CC(C)[N+]1(C)C2CCC1CC(OC(=O)C(CO)c1ccccc1)C2,CC(C)[N+]1(C)C2CCC1CC(OC(=O)C(CO)c1ccccc1)C2,24,332.464,2.8541000000000016,3,1,46.53,5,1,2
HMDB0014493,CN1C(=O)CC(=O)N(c2ccccc2)c2cc(Cl)ccc21,CN1C(=O)CC(=O)N(c2ccccc2)c2cc(Cl)ccc21,21,300.74500000000006,3.3712000000000018,2,0,40.620000000000005,1,2,1
HMDB0014497,CCC(CO)NC(=O)C1C=C2c3cccc4[nH]cc(c34)CC2[NH+](C)C1,CCC(CO)NC(=O)C1C=C2c3cccc4[nH]cc(c34)CC2[NH+](C)C1,25,340.4470000000002,0.5076000000000009,2,4,69.56,4,2,0
HMDB0014521,O=C1c2cccc3c2C(CCC3)CN1C1C[NH+]2CCC1CC2,O=C1c2cccc3c2C(CCC3)CN1C1C[NH+]2CCC1CC2,22,297.422,1.2393999999999998,1,1,24.750000000000004,1,1,0
HMDB0014542,CNC(=O)c1cc(Oc2ccc(NC(=O)Nc3ccc(Cl)c(C(F)(F)F)c3)cc2)ccn1,CNC(=O)c1cc(Oc2ccc(NC(=O)Nc3ccc(Cl)c(C(F)(F)F)c3)cc2)ccn1,32,464.83100000000013,5.549700000000003,4,3,92.35000000000001,5,3,0
HMDB0014558,CC(=O)c1ccc(S(=O)(=O)NC(=O)NC2CCCCC2)cc1,CC(=O)c1ccc(S(=O)(=O)NC(=O)NC2CCCCC2)cc1,22,324.4020000000001,2.2098000000000004,4,2,92.34,4,1,1
HMDB0014559,CC1(C)SC2C(NC(=O)C([NH3+])c3ccccc3)C(=O)N2C1C(=O)O,CC1(C)SC2C(NC(=O)C([NH3+])c3ccccc3)C(=O)N2C1C(=O)O,24,350.42000000000013,-0.39869999999999856,5,3,114.35000000000001,4,1,1
HMDB0014568,C[NH+]1C2CCC1CC(OC(=O)C(CO)c1ccccc1)C2,C[NH+]1C2CCC1CC(OC(=O)C(CO)c1ccccc1)C2,21,290.38300000000004,0.5138000000000009,3,2,50.97,4,1,1
HMDB0014576,O=c1[nH]c(=O)n(C2CC(O)C(CO)O2)cc1C(F)(F)F,O=c1[nH]c(=O)n(C2CC(O)C(CO)O2)cc1C(F)(F)F,20,296.20099999999996,-0.8039000000000001,5,3,104.55000000000001,2,1,0
HMDB0014580,NS(=O)(=O)c1cc2c(cc1C(F)(F)F)NC(Cc1ccccc1)NS2(=O)=O,NS(=O)(=O)c1cc2c(cc1C(F)(F)F)NC(Cc1ccccc1)NS2(=O)=O,27,421.4220000000001,1.6254000000000004,5,3,118.35999999999999,3,2,0
HMDB0014590,[NH3+]C(C(=O)NC1C(=O)N2C(C(=O)O)=C(Cl)CCC12)c1ccccc1,[NH3+]C(C(=O)NC1C(=O)N2C(C(=O)O)=C(Cl)CCC12)c1ccccc1,24,350.78200000000004,-0.005999999999999339,4,3,114.35000000000001,4,1,1
HMDB0014593,O=C(CCC[NH+]1CC=C(n2c(=O)[nH]c3ccccc32)CC1)c1ccc(F)cc1,O=C(CCC[NH+]1CC=C(n2c(=O)[nH]c3ccccc32)CC1)c1ccc(F)cc1,28,380.44300000000015,2.2613000000000003,2,2,59.300000000000004,6,3,1
HMDB0014600,COc1cc2nc(N3CCN(C(=O)c4ccco4)CC3)nc(N)c2cc1OC,COc1cc2nc(N3CCN(C(=O)c4ccco4)CC3)nc(N)c2cc1OC,28,383.40800000000024,1.7845999999999997,8,1,106.95,4,3,0
HMDB0014604,COc1ccc2cc(CCC(C)=O)ccc2c1,COc1ccc2cc(CCC(C)=O)ccc2c1,17,228.29099999999997,3.370000000000002,2,0,26.3,4,2,0
HMDB0014605,C[N+]1(C)C2CC(OC(=O)C(CO)c3ccccc3)CC1C1OC12,C[N+]1(C)C2CC(OC(=O)C(CO)c3ccccc3)CC1C1OC12,23,318.3930000000001,1.0626999999999995,4,1,59.06,4,1,3
HMDB0014608,O=C(c1ccccc1)c1ccc2n1CCC2C(=O)O,O=C(c1ccccc1)c1ccc2n1CCC2C(=O)O,19,255.27299999999997,2.291,3,1,59.3,3,2,1
HMDB0014611,C=CC1C[NH+]2CCC1CC2C(O)c1ccnc2ccc(OC)cc12,C=CC1C[NH+]2CCC1CC2C(O)c1ccnc2ccc(OC)cc12,24,325.43200000000013,1.7560999999999993,3,2,46.790000000000006,4,2,1
HMDB0014615,C[NH2+]CCC(Oc1ccc(C(F)(F)F)cc1)c1ccccc1,C[NH2+]CCC(Oc1ccc(C(F)(F)F)cc1)c1ccccc1,22,310.33899999999994,3.408800000000003,1,1,25.84,6,2,0
HMDB0014616,CC(C[NH2+]C1CCCCC1)OC(=O)c1ccccc1,CC(C[NH2+]C1CCCCC1)OC(=O)c1ccccc1,19,262.373,2.1279999999999983,2,1,42.91,5,1,1
HMDB0014633,O=C1CC2(CCCC2)CC(=O)N1CCCC[NH+]1CCN(c2ncccn2)CC1,O=C1CC2(CCCC2)CC(=O)N1CCCC[NH+]1CCN(c2ncccn2)CC1,28,386.52000000000015,0.6711000000000027,5,1,70.84,6,1,2
HMDB0014636,CON=C(C(=O)NC1C(=O)N2C(C(=O)O)=C(COC(C)=O)CSC12)c1csc(N)n1,CON=C(C(=O)NC1C(=O)N2C(C(=O)O)=C(COC(C)=O)CSC12)c1csc(N)n1,30,455.47400000000016,-0.6224999999999987,10,3,173.51,7,1,4
HMDB0014638,Cc1cn(C2CC(N=[N+]=[N-])C(CO)O2)c(=O)[nH]c1=O,Cc1cn(C2CC(N=[N+]=[N-])C(CO)O2)c(=O)[nH]c1=O,19,267.245,-0.19628000000000012,4,2,133.07999999999998,3,1,3
HMDB0014639,NC(=O)C(c1ccccc1)(c1ccccc1)C1CC[NH+](CCc2ccc3c(c2)CCO3)C1,NC(=O)C(c1ccccc1)(c1ccccc1)C1CC[NH+](CCc2ccc3c(c2)CCO3)C1,32,427.56800000000027,2.5404,2,2,56.760000000000005,7,3,0
HMDB0014641,O=C1c2ccccc2C(=O)C1c1ccccc1,O=C1c2ccccc2C(=O)C1c1ccccc1,17,222.243,2.849400000000001,2,0,34.14,1,2,1
HMDB0014643,Cc1ccc(C(=O)c2ccc(CC(=O)O)n2C)cc1,Cc1ccc(C(=O)c2ccc(CC(=O)O)n2C)cc1,19,257.289,2.1916200000000003,3,1,59.300000000000004,4,2,1
HMDB0014645,O=C(CCC[NH+]1CCC(O)(c2ccc(Cl)cc2)CC1)c1ccc(F)cc1,O=C(CCC[NH+]1CCC(O)(c2ccc(Cl)cc2)CC1)c1ccc(F)cc1,26,376.8790000000002,3.0085000000000024,2,2,41.74,6,2,1
HMDB0014649,CC(=O)Oc1ccccc1C(=O)Nc1ncc([N+](=O)[O-])s1,CC(=O)Oc1ccccc1C(=O)Nc1ncc([N+](=O)[O-])s1,21,307.28700000000003,2.2289000000000003,6,1,111.43,4,2,4
HMDB0014660,CCOC(=O)C(CCc1ccccc1)[NH2+]C(C)C(=O)N1C(C(=O)O)CC2CCCCC21,CCOC(=O)C(CCc1ccccc1)[NH2+]C(C)C(=O)N1C(C(=O)O)CC2CCCCC21,31,431.55300000000034,1.7471000000000012,5,2,100.52,9,1,1
HMDB0014662,CC(C)(C)[NH2+]CC(O)COc1cccc2c1CCC(=O)N2,CC(C)(C)[NH2+]CC(O)COc1cccc2c1CCC(=O)N2,21,293.387,0.6729000000000009,3,3,75.17,5,1,0
HMDB0014663,O=C(O)c1ccc(NC(=O)C(Cc2ccc(O)cc2)NC(=O)c2ccccc2)cc1,O=C(O)c1ccc(NC(=O)C(Cc2ccc(O)cc2)NC(=O)c2ccccc2)cc1,30,404.4220000000001,3.0702000000000016,5,4,115.73000000000002,7,3,0
HMDB0014668,CCCCOc1cc(C(=O)NCC[NH+](CC)CC)c2ccccc2n1,CCCCOc1cc(C(=O)NCC[NH+](CC)CC)c2ccccc2n1,25,344.479,2.0681999999999996,3,2,55.66,10,2,1
HMDB0014682,CCOC(=O)C(CCc1ccccc1)[NH2+]C1CCc2ccccc2N(CC(=O)O)C1=O,CCOC(=O)C(CCc1ccccc1)[NH2+]C1CCc2ccccc2N(CC(=O)O)C1=O,31,425.5050000000002,1.5469000000000004,5,2,100.52000000000001,9,2,1
HMDB0014693,COc1c2occc2cc2ccc(=O)oc12,COc1c2occc2cc2ccc(=O)oc12,16,216.19199999999995,2.5478000000000005,4,0,52.58,1,3,1
HMDB0014704,NC(=O)N1c2ccccc2C=Cc2ccccc21,NC(=O)N1c2ccccc2C=Cc2ccccc21,18,236.274,3.3872000000000018,1,1,46.330000000000005,0,2,0
HMDB0014713,CC(C(=O)O)c1cccc(Oc2ccccc2)c1,CC(C(=O)O)c1cccc(Oc2ccccc2)c1,18,242.274,3.6670000000000016,3,1,46.53,4,2,0
HMDB0014715,Cc1nnc(NS(=O)(=O)c2ccc(N)cc2)s1,Cc1nnc(NS(=O)(=O)c2ccc(N)cc2)s1,17,270.339,1.2295199999999997,5,2,97.97,3,2,1
HMDB0014722,CCOC(=O)C(CCc1ccccc1)[NH2+]C(C)C(=O)N1CCCC1C(=O)O,CCOC(=O)C(CCc1ccccc1)[NH2+]C(C)C(=O)N1CCCC1C(=O)O,27,377.46100000000024,0.578400000000002,5,2,100.52,9,1,1
HMDB0014724,O=C(O)Cc1ccccc1Nc1c(Cl)cccc1Cl,O=C(O)Cc1ccccc1Nc1c(Cl)cccc1Cl,19,296.153,4.364100000000001,3,2,49.33,4,2,0
HMDB0014728,COc1cc2nc(N3CCN(C(=O)C4COc5ccccc5O4)CC3)nc(N)c2cc1OC,COc1cc2nc(N3CCN(C(=O)C4COc5ccccc5O4)CC3)nc(N)c2cc1OC,33,451.4830000000003,1.7177999999999993,9,1,112.27000000000001,4,3,0
HMDB0014736,CC(CCc1ccccc1)[NH2+]CC(O)c1ccc(O)c(C(N)=O)c1,CC(CCc1ccccc1)[NH2+]CC(O)c1ccc(O)c(C(N)=O)c1,24,329.4200000000001,1.1092,3,4,100.16,8,2,0
HMDB0014742,COc1cc(N)c(Cl)cc1C(=O)NC1CC[NH+](CCCOc2ccc(F)cc2)CC1OC,COc1cc(N)c(Cl)cc1C(=O)NC1CC[NH+](CCCOc2ccc(F)cc2)CC1OC,32,466.9610000000003,1.9409999999999994,5,3,87.25,9,2,2
HMDB0014745,CCOc1ccc2ccccc2c1C(=O)NC1C(=O)N2C1SC(C)(C)C2C(=O)O,CCOc1ccc2ccccc2c1C(=O)NC1C(=O)N2C1SC(C)(C)C2C(=O)O,29,414.4830000000001,2.4837999999999996,6,2,95.94000000000001,5,2,1
HMDB0014757,Cc1ccc(NC(=O)c2ccc(C[NH+]3CC[NH+](C)CC3)cc2)cc1Nc1nccc(-c2cccnc2)n1,Cc1ccc(NC(=O)c2ccc(C[NH+]3CC[NH+](C)CC3)cc2)cc1Nc1nccc(-c2cccnc2)n1,37,495.6310000000002,1.756120000000001,5,4,88.67999999999999,7,4,0
HMDB0014760,COC(=O)C1=C(C)NC(C)=C(C(=O)OCC[NH+](C)Cc2ccccc2)C1c1cccc([N+](=O)[O-])c1,COC(=O)C1=C(C)NC(C)=C(C(=O)OCC[NH+](C)Cc2ccccc2)C1c1cccc([N+](=O)[O-])c1,35,480.54100000000017,2.260700000000001,7,2,112.21000000000001,9,2,3
HMDB0014771,Cc1cccc(C(C)c2c[nH]c[nH+]2)c1C,Cc1cccc(C(C)c2c[nH]c[nH+]2)c1C,15,201.29300000000003,2.5974400000000006,0,1,29.93,2,2,0
HMDB0014792,CC(C)OC(=O)CCCC=CCC1C(O)CC(O)C1CCC(O)CCc1ccccc1,CC(C)OC(=O)CCCC=CCC1C(O)CC(O)C1CCC(O)CCc1ccccc1,31,432.6010000000002,4.1864000000000035,5,3,86.99000000000001,13,1,3
HMDB0014794,O=c1n(CCC[NH+]2CCN(c3cccc(Cl)c3)CC2)nc2ccccn12,O=c1n(CCC[NH+]2CCN(c3cccc(Cl)c3)CC2)nc2ccccn12,26,372.88000000000017,0.9445999999999997,3,1,46.980000000000004,5,3,0
HMDB0014798,Cc1cc(C)cc(OCC2CNC(=O)O2)c1,Cc1cc(C)cc(OCC2CNC(=O)O2)c1,16,221.256,1.7906399999999998,3,1,47.56,3,1,0
HMDB0014803,CC1(C)NC(=O)N(c2ccc([N+](=O)[O-])c(C(F)(F)F)c2)C1=O,CC1(C)NC(=O)N(c2ccc([N+](=O)[O-])c(C(F)(F)F)c2)C1=O,22,317.223,2.4484000000000004,4,1,92.55000000000001,2,1,3
HMDB0014814,O=C(OCc1ccccc1)c1ccccc1,O=C(OCc1ccccc1)c1ccccc1,16,212.248,3.0436000000000014,2,0,26.3,3,2,1
HMDB0014826,COc1c(C)c2c(c(O)c1CC=C(C)CCC(=O)OCC[NH+]1CCOCC1)C(=O)OC2,COc1c(C)c2c(c(O)c1CC=C(C)CCC(=O)OCC[NH+]1CCOCC1)C(=O)OC2,31,434.5090000000003,1.1069199999999997,7,2,95.73,9,1,2
HMDB0014827,CC(=O)OCC1=C(C(=O)O)N2C(=O)C(NC(=O)C([NH3+])c3ccccc3)C2SC1,CC(=O)OCC1=C(C(=O)O)N2C(=O)C(NC(=O)C([NH3+])c3ccccc3)C2SC1,28,406.4400000000001,-0.7286999999999972,7,3,140.64999999999998,6,1,2
HMDB0014829,CCOC(=O)C(CCc1ccccc1)[NH2+]C(C)C(=O)N1Cc2cc(OC)c(OC)cc2CC1C(=O)O,CCOC(=O)C(CCc1ccccc1)[NH2+]C(C)C(=O)N1Cc2cc(OC)c(OC)cc2CC1C(=O)O,36,499.5840000000004,1.5581000000000014,7,2,118.98,11,2,1
HMDB0014837,COC12CC(COC(=O)c3cncc(Br)c3)C[NH+](C)C1Cc1cn(C)c3cccc2c13,COC12CC(COC(=O)c3cncc(Br)c3)C[NH+](C)C1Cc1cn(C)c3cccc2c13,31,485.4020000000002,2.4938000000000002,4,1,57.79,4,3,1
HMDB0014851,Cc1onc(-c2ccccc2)c1C(=O)NC1C(=O)N2C1SC(C)(C)C2C(=O)O,Cc1onc(-c2ccccc2)c1C(=O)NC1C(=O)N2C1SC(C)(C)C2C(=O)O,28,401.44400000000013,1.89532,7,2,112.74,4,2,1
HMDB0014853,Fc1ccc(C2CC[NH2+]CC2COc2ccc3c(c2)OCO3)cc1,Fc1ccc(C2CC[NH2+]CC2COc2ccc3c(c2)OCO3)cc1,24,330.3790000000001,2.3003,3,1,44.3,4,2,0
HMDB0014862,CC(C)Cn1cnc2c(N)nc3ccccc3c21,CC(C)Cn1cnc2c(N)nc3ccccc3c21,18,240.30999999999997,2.8227,3,1,56.730000000000004,2,3,0
HMDB0014869,CC(C)C1CCC(C(=O)NC(Cc2ccccc2)C(=O)O)CC1,CC(C)C1CCC(C(=O)NC(Cc2ccccc2)C(=O)O)CC1,23,317.42900000000014,3.2609000000000012,3,2,66.4,6,1,0
HMDB0014883,NC(=O)CS(=O)C(c1ccccc1)c1ccccc1,NC(=O)CS(=O)C(c1ccccc1)c1ccccc1,19,273.357,2.01,2,1,60.160000000000004,5,2,0
HMDB0014887,CCc1cccc2c3c([nH]c12)C(CC)(CC(=O)O)OCC3,CCc1cccc2c3c([nH]c12)C(CC)(CC(=O)O)OCC3,21,287.35900000000004,3.383000000000002,3,2,62.32000000000001,4,2,0
HMDB0014892,CCN1C(=O)NC(c2ccccc2)C1=O,CCN1C(=O)NC(c2ccccc2)C1=O,15,204.22899999999998,1.2993999999999999,2,1,49.410000000000004,2,1,1
HMDB0014895,O=C(OC1CC2CC3CC(C1)[NH+]2CC3=O)c1c[nH]c2ccccc12,O=C(OC1CC2CC3CC(C1)[NH+]2CC3=O)c1c[nH]c2ccccc12,24,325.38800000000003,1.1019,3,2,63.6,2,2,1
HMDB0014914,NC(=O)N1c2ccccc2CC(=O)c2ccccc21,NC(=O)N1c2ccccc2CC(=O)c2ccccc21,19,252.27299999999997,2.6422000000000008,2,1,63.400000000000006,0,2,0
HMDB0014917,CCn1cc(C(=O)O)c(=O)c2ccc(C)nc21,CCn1cc(C(=O)O)c(=O)c2ccc(C)nc21,17,232.23899999999998,1.4230200000000002,4,1,72.19,2,2,0
HMDB0014920,CC(C)[N+](C)(CCOC(=O)C1c2ccccc2Oc2ccccc21)C(C)C,CC(C)[N+](C)(CCOC(=O)C1c2ccccc2Oc2ccccc21)C(C)C,27,368.4970000000001,4.730800000000005,3,0,35.53,6,2,2
HMDB0014933,O=C(O)c1cc(N=Nc2ccc(S(=O)(=O)Nc3ccccn3)cc2)ccc1O,O=C(O)c1cc(N=Nc2ccc(S(=O)(=O)Nc3ccccn3)cc2)ccc1O,28,398.4000000000001,3.7016000000000013,6,3,141.31,6,3,1
HMDB0014938,Oc1ccc(C2C[NH2+]CCc3c2cc(O)c(O)c3Cl)cc1,Oc1ccc(C2C[NH2+]CCc3c2cc(O)c(O)c3Cl)cc1,21,306.769,1.7082,3,4,77.30000000000001,1,2,1
HMDB0014943,Cc1cc(-c2ccccc2)nnc1NCC[NH+]1CCOCC1,Cc1cc(-c2ccccc2)nnc1NCC[NH+]1CCOCC1,22,299.3980000000001,0.7790199999999992,4,2,51.480000000000004,5,2,0
HMDB0014946,CC1Cc2ccccc2N1NC(=O)c1ccc(Cl)c(S(N)(=O)=O)c1,CC1Cc2ccccc2N1NC(=O)c1ccc(Cl)c(S(N)(=O)=O)c1,24,365.84200000000004,2.0834,4,2,92.5,3,2,0
HMDB0014951,CCC(=O)N(c1ccccc1)C1CC[NH+](CCc2ccccc2)CC1,CCC(=O)N(c1ccccc1)C1CC[NH+](CCc2ccccc2)CC1,25,337.487,2.7196000000000007,1,1,24.750000000000004,6,2,0
HMDB0014955,CCn1cc(C(=O)O)c(=O)c2ccc(-c3ccncc3)cc21,CCn1cc(C(=O)O)c(=O)c2ccc(-c3ccncc3)cc21,22,294.31,2.781600000000001,4,1,72.19,3,3,0
HMDB0014956,CC(C)c1cccc(C(C)C)c1O,CC(C)c1cccc(C(C)C)c1O,13,178.27499999999995,3.6390000000000025,1,1,20.23,2,1,0
HMDB0014958,CN1CC(=O)N2C(Cc3c([nH]c4ccccc34)C2c2ccc3c(c2)OCO3)C1=O,CN1CC(=O)N2C(Cc3c([nH]c4ccccc34)C2c2ccc3c(c2)OCO3)C1=O,29,389.41100000000023,2.2112999999999996,4,1,74.87,1,3,0
HMDB0014959,CC(C(=O)O)c1ccc2c(c1)[nH]c1ccc(Cl)cc12,CC(C(=O)O)c1ccc2c(c1)[nH]c1ccc(Cl)cc12,19,273.719,4.162600000000002,2,2,53.089999999999996,2,3,0
HMDB0014961,C#CC1(OC(C)=O)CCC2C3CCC4=CC(OC(C)=O)CCC4C3CCC21C,C#CC1(OC(C)=O)CCC2C3CCC4=CC(OC(C)=O)CCC4C3CCC21C,28,384.51600000000025,4.425900000000004,4,0,52.6,2,0,3
HMDB0014967,CN1C(=O)CN=C(c2ccccc2)c2cc(Cl)ccc21,CN1C(=O)CN=C(c2ccccc2)c2cc(Cl)ccc21,20,284.74600000000004,3.153800000000002,1,0,32.67,1,2,0
HMDB0014970,CN1C(=O)CC(c2ccccc2)C1=O,CN1C(=O)CC(c2ccccc2)C1=O,14,189.214,1.1588999999999998,2,0,37.38,1,1,1
HMDB0014971,[NH3+]C(C(=O)NC1C(=O)N2C(C(=O)O)=C(Cl)CSC12)c1ccccc1,[NH3+]C(C(=O)NC1C(=O)N2C(C(=O)O)=C(Cl)CSC12)c1ccccc1,24,368.822,-0.09549999999999903,5,3,114.35000000000001,4,1,1
HMDB0014975,NC(=O)CCCNC(=C1C=C(F)C=CC1=O)c1ccc(Cl)cc1,NC(=O)CCCNC(=C1C=C(F)C=CC1=O)c1ccc(Cl)cc1,23,334.778,2.898500000000001,3,2,72.19,6,1,2
HMDB0014977,Cc1ccc(S(=O)(=O)NC(=O)NN2CCCCCC2)cc1,Cc1ccc(S(=O)(=O)NC(=O)NN2CCCCCC2)cc1,21,311.4070000000001,1.7739199999999995,4,2,78.50999999999999,3,1,0
HMDB0014979,CC(CCc1ccc(O)cc1)[NH2+]CCc1ccc(O)c(O)c1,CC(CCc1ccc(O)cc1)[NH2+]CCc1ccc(O)c(O)c1,22,302.394,1.9305999999999999,3,4,77.30000000000001,7,2,1
HMDB0014980,O=C1Nc2ccc(Cl)cc2C(c2ccccc2)=NC1O,O=C1Nc2ccc(Cl)cc2C(c2ccccc2)=NC1O,20,286.718,2.4479,2,2,61.69,1,2,0
HMDB0014999,O=C(O)c1cc(-c2ccc(F)cc2F)ccc1O,O=C(O)c1cc(-c2ccc(F)cc2F)ccc1O,18,250.19999999999996,3.035600000000001,3,2,57.53,2,2,0
HMDB0015000,CCCc1nc(C)c2c(=O)nc(-c3cc(S(=O)(=O)N4CC[NH+](CC)CC4)ccc3OCC)[nH]n12,CCCc1nc(C)c2c(=O)nc(-c3cc(S(=O)(=O)N4CC[NH+](CC)CC4)ccc3OCC)[nH]n12,34,489.62200000000036,0.6533200000000028,6,2,114.1,8,3,0
HMDB0015003,CC(Cc1ccccc1)[NH+](C)Cc1ccccc1,CC(Cc1ccccc1)[NH+](C)Cc1ccccc1,18,240.36999999999998,2.3325000000000005,0,1,4.44,5,2,0
HMDB0015005,CC([NH2+]CCc1ccc(O)cc1)C(O)c1ccc(O)cc1,CC([NH2+]CCc1ccc(O)cc1)C(O)c1ccc(O)cc1,21,288.367,1.3257999999999994,3,4,77.30000000000001,6,2,0
HMDB0015019,CCOC(=O)C(CCc1ccccc1)[NH2+]C(C)C(=O)N1Cc2ccccc2CC1C(=O)O,CCOC(=O)C(CCc1ccccc1)[NH2+]C(C)C(=O)N1Cc2ccccc2CC1C(=O)O,32,439.53200000000027,1.5409000000000008,5,2,100.52,9,2,1
HMDB0015023,Cc1cccn2c(=O)c(-c3nn[nH]n3)cnc12,Cc1cccn2c(=O)c(-c3nn[nH]n3)cnc12,17,228.21500000000003,0.1830199999999999,5,1,88.83,1,3,0
HMDB0015026,Cn1nc(C(=O)NC2CC3CCCC(C2)[NH+]3C)c2ccccc21,Cn1nc(C(=O)NC2CC3CCCC(C2)[NH+]3C)c2ccccc21,23,313.425,0.9013000000000007,2,2,51.36,2,2,0
HMDB0015028,Nc1ccc(S(=O)(=O)Nc2ccccn2)cc1,Nc1ccc(S(=O)(=O)Nc2ccccn2)cc1,17,249.29500000000004,1.4646000000000001,4,2,85.08,3,2,1
HMDB0015048,CCOc1cc(CC(=O)NC(CC(C)C)c2ccccc2N2CCCCC2)ccc1C(=O)O,CCOc1cc(CC(=O)NC(CC(C)C)c2ccccc2N2CCCCC2)ccc1C(=O)O,33,452.5950000000003,5.219900000000005,5,2,78.87,10,2,0
HMDB0015049,CCOC(=O)C1(c2ccccc2)CC[NH+](CCc2ccc(N)cc2)CC1,CCOC(=O)C1(c2ccccc2)CC[NH+](CCc2ccc(N)cc2)CC1,26,353.4860000000001,1.9910999999999994,3,2,56.760000000000005,6,2,2
HMDB0015060,C[NH+](C)CCC=C1c2ccccc2C=Cc2ccccc21,C[NH+](C)CCC=C1c2ccccc2C=Cc2ccccc21,21,276.403,3.136700000000002,0,1,4.44,3,3,0
HMDB0015061,CC(COc1ccccc1)[NH+](CCCl)Cc1ccccc1,CC(COc1ccccc1)[NH+](CCCl)Cc1ccccc1,21,304.84099999999995,2.777800000000001,1,1,13.670000000000002,8,2,1
HMDB0015075,CC[N+](C)(CC)CCOC(=O)C1c2ccccc2Oc2ccccc21,CC[N+](C)(CC)CCOC(=O)C1c2ccccc2Oc2ccccc21,25,340.4430000000001,3.953800000000003,3,0,35.53,6,2,2
HMDB0015084,NC(=O)OCC(COC(N)=O)c1ccccc1,NC(=O)OCC(COC(N)=O)c1ccccc1,17,238.24300000000002,0.9607999999999993,4,2,104.64000000000001,5,1,0
HMDB0015087,CNS(=O)(=O)CCc1ccc2[nH]cc(C3CC[NH+](C)CC3)c2c1,CNS(=O)(=O)CCc1ccc2[nH]cc(C3CC[NH+](C)CC3)c2c1,23,336.4810000000001,0.6517000000000002,2,3,66.4,5,2,0
HMDB0015097,CCN(C(C)=O)c1cccc(-c2ccnc3c(C#N)cnn23)c1,CCN(C(C)=O)c1cccc(-c2ccnc3c(C#N)cnn23)c1,23,305.341,2.6407800000000003,4,0,74.28999999999999,3,3,0
HMDB0015098,Nc1c(CC(=O)O)cccc1C(=O)c1ccc(Br)cc1,Nc1c(CC(=O)O)cccc1C(=O)c1ccc(Br)cc1,20,334.169,2.889400000000001,4,2,80.39000000000001,4,2,2
HMDB0015102,Clc1ccc2c(c1)CCc1cccnc1C2=C1CC[NH2+]CC1,Clc1ccc2c(c1)CCc1cccnc1C2=C1CC[NH2+]CC1,22,311.8360000000001,2.9927,1,1,29.5,0,2,0
HMDB0015107,C[NH+]1CCCC(n2nc(Cc3ccc(Cl)cc3)c3ccccc3c2=O)CC1,C[NH+]1CCCC(n2nc(Cc3ccc(Cl)cc3)c3ccccc3c2=O)CC1,27,382.9150000000002,2.8804000000000016,2,1,39.33,3,3,0
HMDB0015108,O=C1C(CCC(O)c2ccc(F)cc2)C(c2ccc(O)cc2)N1c1ccc(F)cc1,O=C1C(CCC(O)c2ccc(F)cc2)C(c2ccc(O)cc2)N1c1ccc(F)cc1,30,409.4320000000001,4.888300000000004,3,2,60.77,6,3,1
HMDB0015115,CCC(=O)NCCC1CCc2ccc3c(c21)CCO3,CCC(=O)NCCC1CCc2ccc3c(c21)CCO3,19,259.34899999999993,2.5676000000000005,2,1,38.33,4,1,0
HMDB0015118,COc1ccc(CC(C)[NH2+]CC(O)c2ccc(O)c(NC=O)c2)cc1,COc1ccc(CC(C)[NH2+]CC(O)c2ccc(O)c(NC=O)c2)cc1,25,345.41900000000004,1.1970999999999992,4,4,95.4,9,2,2
HMDB0015126,O=C(O)CCc1nc(-c2ccccc2)c(-c2ccccc2)o1,O=C(O)CCc1nc(-c2ccccc2)c(-c2ccccc2)o1,22,293.32200000000006,4.025800000000003,4,1,63.33,5,3,0
HMDB0015133,C[NH2+]C1CCc2[nH]c3ccc(C(N)=O)cc3c2C1,C[NH2+]C1CCc2[nH]c3ccc(C(N)=O)cc3c2C1,18,244.31799999999998,0.3173000000000007,1,3,75.49000000000001,2,2,0
HMDB0015144,CC(C(=O)O)c1cccc(C(=O)c2ccccc2)c1,CC(C(=O)O)c1cccc(C(=O)c2ccccc2)c1,19,254.285,3.1057000000000015,3,1,54.37,4,2,1
HMDB0015149,O=C(O)CCNC(=O)c1ccc(N=Nc2ccc(O)c(C(=O)O)c2)cc1,O=C(O)CCNC(=O)c1ccc(N=Nc2ccc(O)c(C(=O)O)c2)cc1,26,357.3220000000001,2.7103,6,4,148.65,7,2,1
HMDB0015151,COc1ccc(Cl)cc1C(=O)NCCc1ccc(S(=O)(=O)NC(=O)NC2CCCCC2)cc1,COc1ccc(Cl)cc1C(=O)NCCc1ccc(S(=O)(=O)NC(=O)NC2CCCCC2)cc1,33,494.0130000000003,3.641700000000003,5,3,113.6,8,2,0
HMDB0015159,COc1c(C)c2c(c(O)c1CC=C(C)CCC(=O)O)C(=O)OC2,COc1c(C)c2c(c(O)c1CC=C(C)CCC(=O)O)C(=O)OC2,23,320.341,2.73322,6,2,93.06000000000002,6,1,2
HMDB0015160,CC(C)c1ccc2oc3nc(N)c(C(=O)O)cc3c(=O)c2c1,CC(C)c1ccc2oc3nc(N)c(C(=O)O)cc3c(=O)c2c1,22,298.298,2.745,6,2,106.42000000000002,2,3,1
HMDB0015175,O=C1CCC(N2C(=O)c3ccccc3C2=O)C(=O)N1,O=C1CCC(N2C(=O)c3ccccc3C2=O)C(=O)N1,19,258.23299999999995,0.08779999999999993,4,1,83.55000000000001,1,1,1
HMDB0015189,Cc1cccc(C)c1NC(=O)C(C)[NH3+],Cc1cccc(C)c1NC(=O)C(C)[NH3+],14,193.27,0.8723399999999999,1,2,56.74,2,1,0
HMDB0015191,O=C(C1CCCCC1)N1CC(=O)N2CCc3ccccc3C2C1,O=C(C1CCCCC1)N1CC(=O)N2CCc3ccccc3C2C1,23,312.41300000000007,2.5349000000000004,2,0,40.620000000000005,1,1,0
HMDB0015200,Cc1cnc(C(=O)NCCc2ccc(S(=O)(=O)NC(=O)NC3CCCCC3)cc2)cn1,Cc1cnc(C(=O)NCCc2ccc(S(=O)(=O)NC(=O)NC3CCCCC3)cc2)cn1,31,445.54500000000024,2.0781199999999993,6,3,130.14999999999998,7,2,0
HMDB0015201,O=C1CN=C(c2ccccc2Cl)c2cc([N+](=O)[O-])ccc2N1,O=C1CN=C(c2ccccc2Cl)c2cc([N+](=O)[O-])ccc2N1,22,315.716,3.037700000000001,3,1,84.6,2,2,2
HMDB0015219,COc1cc(NC(C)CCC[NH3+])c2ncccc2c1,COc1cc(NC(C)CCC[NH3+])c2ncccc2c1,19,260.361,2.065899999999999,3,2,61.79,6,2,0
HMDB0015220,CC#CCC(C)C(O)C=CC1C(O)CC2CC(=CCCCC(=O)OCC(=O)c3ccccc3)CC21,CC#CCC(C)C(O)C=CC1C(O)CC2CC(=CCCCC(=O)OCC(=O)c3ccccc3)CC21,35,478.62900000000036,4.882800000000005,5,2,83.83000000000001,11,1,5
HMDB0015229,Cc1oncc1C(=O)Nc1ccc(C(F)(F)F)cc1,Cc1oncc1C(=O)Nc1ccc(C(F)(F)F)cc1,19,270.21,3.2541200000000012,3,1,55.13,2,2,0
HMDB0015245,COc1ccc(Cc2nccc3cc(OC)c(OC)cc23)cc1OC,COc1ccc(Cc2nccc3cc(OC)c(OC)cc23)cc1OC,25,339.3910000000001,3.860000000000003,5,0,49.81,6,3,0
HMDB0015249,O=C1C(O)=C(C2CCC(c3ccc(Cl)cc3)CC2)C(=O)c2ccccc21,O=C1C(O)=C(C2CCC(c3ccc(Cl)cc3)CC2)C(=O)c2ccccc21,26,366.84400000000016,5.505100000000004,3,1,54.37,2,2,0
HMDB0015252,Cc1ccc(S(=O)(=O)NC(=O)NN2CC3CCCC3C2)cc1,Cc1ccc(S(=O)(=O)NC(=O)NN2CC3CCCC3C2)cc1,22,323.4180000000001,1.6298199999999994,4,2,78.50999999999999,3,1,0
HMDB0015257,COc1ccc(C2C(=O)c3ccccc3C2=O)cc1,COc1ccc(C2C(=O)c3ccccc3C2=O)cc1,19,252.269,2.8580000000000005,3,0,43.370000000000005,2,2,1
HMDB0015260,CC(O)(CS(=O)(=O)c1ccc(F)cc1)C(=O)Nc1ccc(C#N)c(C(F)(F)F)c1,CC(O)(CS(=O)(=O)c1ccc(F)cc1)C(=O)Nc1ccc(C#N)c(C(F)(F)F)c1,29,430.3790000000001,2.8795800000000007,5,2,107.25999999999999,5,2,2
HMDB0015264,CCc1ccc(CCOc2ccc(CC3SC(=O)NC3=O)cc2)nc1,CCc1ccc(CCOc2ccc(CC3SC(=O)NC3=O)cc2)nc1,25,356.44700000000006,3.159600000000001,5,1,68.28999999999999,7,2,0
HMDB0015267,COc1ccccc1OCC[NH2+]CC(O)COc1cccc2[nH]c3ccccc3c12,COc1ccccc1OCC[NH2+]CC(O)COc1cccc2[nH]c3ccccc3c12,30,407.49,2.7118,4,3,80.32,10,4,1
HMDB0015269,O=C1C(CCS(=O)c2ccccc2)C(=O)N(c2ccccc2)N1c1ccccc1,O=C1C(CCS(=O)c2ccccc2)C(=O)N(c2ccccc2)N1c1ccccc1,29,404.4910000000001,3.795500000000003,3,0,57.690000000000005,6,3,1
HMDB0015271,CC1=C(C(=O)O)N2C(=O)C(NC(=O)C([NH3+])c3ccc(O)cc3)C2SC1,CC1=C(C(=O)O)N2C(=O)C(NC(=O)C([NH3+])c3ccc(O)cc3)C2SC1,25,364.4030000000001,-0.5662999999999987,6,4,134.58,4,1,1
HMDB0015273,C[NH+](C)CCC=C1c2ccccc2COc2ccccc21,C[NH+](C)CCC=C1c2ccccc2COc2ccccc21,21,280.391,2.545300000000001,1,1,13.670000000000002,3,2,0
HMDB0015279,Cc1c(-c2ccccc2)oc2c(C(=O)OCC[NH+]3CCCCC3)cccc2c1=O,Cc1c(-c2ccccc2)oc2c(C(=O)OCC[NH+]3CCCCC3)cccc2c1=O,29,392.4750000000002,2.9940200000000017,4,1,60.949999999999996,5,3,1
HMDB0015280,CCc1nn(CCC[NH+]2CCN(c3cccc(Cl)c3)CC2)c(=O)n1CCOc1ccccc1,CCc1nn(CCC[NH+]2CCN(c3cccc(Cl)c3)CC2)c(=O)n1CCOc1ccccc1,33,471.02500000000026,2.134800000000001,4,1,56.730000000000004,10,3,0
HMDB0015288,COc1cc(NCc2ccc3nc(N)nc(N)c3c2C)cc(OC)c1OC,COc1cc(NCc2ccc3nc(N)nc(N)c3c2C)cc(OC)c1OC,27,369.4250000000001,2.740520000000001,8,3,117.54,6,3,0
HMDB0015297,O=C1CCc2cc(OCCCCc3nnnn3C3CCCCC3)ccc2N1,O=C1CCc2cc(OCCCCc3nnnn3C3CCCCC3)ccc2N1,27,369.4690000000002,3.4647000000000014,5,1,81.93,7,2,1
HMDB0015308,CC(=O)C1(O)Cc2c(O)c3c(c(O)c2C(OC2CC([NH3+])C(O)C(C)O2)C1)C(=O)c1ccccc1C3=O,CC(=O)C1(O)Cc2c(O)c3c(c(O)c2C(OC2CC([NH3+])C(O)C(C)O2)C1)C(=O)c1ccccc1C3=O,36,498.5080000000002,0.3035000000000001,9,5,178.23,3,3,1
HMDB0015313,CCC[NH2+]CC(O)COc1ccccc1C(=O)CCc1ccccc1,CCC[NH2+]CC(O)COc1ccccc1C(=O)CCc1ccccc1,25,342.45900000000006,2.2152000000000003,3,2,63.14000000000001,11,2,2
HMDB0015315,O=c1[nH]c2ccccc2n1CCC[NH+]1CCC(n2c(=O)[nH]c3cc(Cl)ccc32)CC1,O=c1[nH]c2ccccc2n1CCC[NH+]1CCC(n2c(=O)[nH]c3cc(Cl)ccc32)CC1,30,426.92800000000017,1.9360999999999993,2,3,80.01999999999998,5,4,0
HMDB0015317,CCC[NH+]1CC(CSC)CC2c3cccc4[nH]cc(c34)CC21,CCC[NH+]1CC(CSC)CC2c3cccc4[nH]cc(c34)CC21,22,315.5060000000001,2.854000000000001,1,2,20.23,4,2,0
HMDB0015319,Cc1cc(C2CCCCC2)n(O)c(=O)c1,Cc1cc(C2CCCCC2)n(O)c(=O)c1,15,207.273,2.4417199999999992,2,1,42.230000000000004,1,1,1
HMDB0015322,CC[NH2+]C(C)Cc1cccc(C(F)(F)F)c1,CC[NH2+]C(C)Cc1cccc(C(F)(F)F)c1,16,232.26899999999995,2.2197000000000005,0,1,16.61,4,1,0
HMDB0015326,O=C(NCC1CCCC[NH2+]1)c1cc(OCC(F)(F)F)ccc1OCC(F)(F)F,O=C(NCC1CCCC[NH2+]1)c1cc(OCC(F)(F)F)ccc1OCC(F)(F)F,28,415.35400000000004,2.4145000000000003,3,2,64.17,7,1,1
HMDB0015338,O=C(O)CCCCON=C(c1cccnc1)c1cccc(C(F)(F)F)c1,O=C(O)CCCCON=C(c1cccnc1)c1cccc(C(F)(F)F)c1,26,366.33900000000006,4.124300000000003,4,1,71.78,8,2,3
HMDB0015341,CC(C)(C)[NH2+]CC(O)COc1cccc2c1CCCC2=O,CC(C)(C)[NH2+]CC(O)COc1cccc2c1CCCC2=O,21,292.39900000000006,1.3072000000000008,3,2,63.14000000000001,5,1,0
HMDB0015350,O=C1CN(N=Cc2ccc(-c3ccc([N+](=O)[O-])cc3)o2)C(=O)N1,O=C1CN(N=Cc2ccc(-c3ccc([N+](=O)[O-])cc3)o2)C(=O)N1,23,314.257,1.7404999999999997,5,1,118.05000000000001,4,2,4
HMDB0015359,COc1ccc(C(=O)Nc2ccccc2CCC2CCCC[NH+]2C)cc1,COc1ccc(C(=O)Nc2ccccc2CCC2CCCC[NH+]2C)cc1,26,353.4860000000001,2.9473000000000003,2,2,42.769999999999996,6,2,0
HMDB0015361,OC(CCC[NH+]1CCCCC1)(c1ccccc1)c1ccccc1,OC(CCC[NH+]1CCCCC1)(c1ccccc1)c1ccccc1,23,310.461,2.7715000000000005,1,2,24.67,6,2,0
HMDB0015377,Cc1cc(C(=O)NNCc2ccccc2)no1,Cc1cc(C(=O)NNCc2ccccc2)no1,17,231.25500000000002,1.4176199999999997,4,2,67.16,4,2,1
HMDB0015382,O=C(O)C(CC(=O)N1CC2CCCCC2C1)Cc1ccccc1,O=C(O)C(CC(=O)N1CC2CCCCC2C1)Cc1ccccc1,23,315.41299999999995,2.9686000000000012,3,1,57.61,5,1,0
HMDB0015384,Cc1nc(Nc2ncc(C(=O)Nc3c(C)cccc3Cl)s2)cc(N2CC[NH+](CCO)CC2)n1,Cc1nc(Nc2ncc(C(=O)Nc3c(C)cccc3Cl)s2)cc(N2CC[NH+](CCO)CC2)n1,33,489.0250000000003,1.8964399999999992,7,4,107.71,7,3,0
HMDB0015390,[NH3+]C(CC(=O)N1CCn2c(nnc2C(F)(F)F)C1)Cc1cc(F)c(F)cc1F,[NH3+]C(CC(=O)N1CCn2c(nnc2C(F)(F)F)C1)Cc1cc(F)c(F)cc1F,28,408.32600000000014,1.2996999999999994,3,1,78.66000000000001,4,2,2
HMDB0015396,Cc1nc2n(c(=O)c1CC[NH+]1CCC(c3noc4cc(F)ccc34)CC1)CCCC2O,Cc1nc2n(c(=O)c1CC[NH+]1CCC(c3noc4cc(F)ccc34)CC1)CCCC2O,31,427.5000000000002,1.6642199999999998,5,2,85.59,4,3,0
HMDB0015398,c1cnc2cc3c(cc2n1)C1C[NH2+]CC3C1,c1cnc2cc3c(cc2n1)C1C[NH2+]CC3C1,16,212.27599999999993,0.7777,2,1,42.39,0,2,0
HMDB0015406,Cc1cc(C(=O)NCCc2ccc(S(=O)(=O)NC(=O)NN3CCCCCC3)cc2)no1,Cc1cc(C(=O)NCCc2ccc(S(=O)(=O)NC(=O)NN3CCCCCC3)cc2)no1,31,449.53300000000036,1.734419999999999,7,3,133.64,7,2,0
HMDB0015409,COc1ccc(CC[NH2+]CC(O)COc2cccc(C)c2)cc1OC,COc1ccc(CC[NH2+]CC(O)COc2cccc(C)c2)cc1OC,25,346.4470000000001,1.5580200000000006,4,2,64.53,10,2,1
HMDB0015412,CCn1ccc(NS(=O)(=O)c2ccc(N)cc2)nc1=O,CCn1ccc(NS(=O)(=O)c2ccc(N)cc2)nc1=O,20,294.336,0.6462000000000001,5,2,107.08000000000001,4,2,1
HMDB0015433,CCOC(=O)C(CCc1ccccc1)[NH2+]C1CCCN2CCCC(C(=O)O)N2C1=O,CCOC(=O)C(CCc1ccccc1)[NH2+]C1CCCN2CCCC(C(=O)O)N2C1=O,30,418.5140000000003,0.569300000000003,6,2,103.75999999999999,8,1,1
HMDB0015438,CCOC(=O)C(CCc1ccccc1)[NH2+]C(C)C(=O)N1CC2(CC1C(=O)O)SCCS2,CCOC(=O)C(CCc1ccccc1)[NH2+]C(C)C(=O)N1CC2(CC1C(=O)O)SCCS2,31,467.6330000000003,1.3646000000000016,7,2,100.52,9,1,1
HMDB0015464,COC(=O)C1C(O)CCC2C[NH+]3CCc4c([nH]c5ccccc45)C3CC21,COC(=O)C1C(O)CCC2C[NH+]3CCc4c([nH]c5ccccc45)C3CC21,26,355.458,1.2300000000000006,3,3,66.75999999999999,1,2,1
HMDB0015465,CC(C)(Oc1ccc(CCNC(=O)c2ccc(Cl)cc2)cc1)C(=O)O,CC(C)(Oc1ccc(CCNC(=O)c2ccc(Cl)cc2)cc1)C(=O)O,25,361.82500000000005,3.554500000000001,4,2,75.63,7,2,0
HMDB0015471,O=C(Oc1ccccc1C(=O)O)c1ccccc1O,O=C(Oc1ccccc1C(=O)O)c1ccccc1O,19,258.229,2.309600000000001,5,2,83.83000000000001,3,2,2
HMDB0015485,Nc1nc(C(=CCC(=O)O)C(=O)NC2C(=O)N3C(C(=O)O)=CCSC23)cs1,Nc1nc(C(=CCC(=O)O)C(=O)NC2C(=O)N3C(C(=O)O)=CCSC23)cs1,27,410.4330000000001,-0.0481999999999998,9,4,162.92,6,1,2
HMDB0015491,O=[N+]([O-])c1ccc(O)c2ncccc12,O=[N+]([O-])c1ccc(O)c2ncccc12,14,190.158,1.8485999999999996,4,1,76.26,1,2,2
HMDB0015494,C=CC[NH+]1CCCC1CNC(=O)c1cc2n[nH]nc2cc1OC,C=CC[NH+]1CCCC1CNC(=O)c1cc2n[nH]nc2cc1OC,23,316.3850000000001,-0.07039999999999869,4,3,84.34,6,2,1
HMDB0015497,COc1ccc(C(=O)c2ccccc2)c(O)c1,COc1ccc(C(=O)c2ccccc2)c(O)c1,17,228.247,2.631800000000001,3,1,46.53,3,2,1
HMDB0015505,CCC1(c2ccccc2)CCC(=O)NC1=O,CCC1(c2ccccc2)CCC(=O)NC1=O,16,217.26799999999992,1.771,2,1,46.17,2,1,1
HMDB0015506,Nc1ccc(N=Nc2ccccc2)c(N)n1,Nc1ccc(N=Nc2ccccc2)c(N)n1,16,213.24400000000003,2.6613999999999995,3,2,89.64999999999999,2,2,1
HMDB0015511,O=C1CN=C(c2ccccn2)c2cc(Br)ccc2N1,O=C1CN=C(c2ccccn2)c2cc(Br)ccc2N1,19,316.15799999999996,2.6336000000000004,2,1,54.35,1,2,0
HMDB0015521,Cc1ccnc(NS(=O)(=O)c2ccc(N)cc2)n1,Cc1ccnc(NS(=O)(=O)c2ccc(N)cc2)n1,18,264.31,1.16802,5,2,97.97,3,2,1
HMDB0015522,Cc1cc(C)nc(NS(=O)(=O)c2ccc(N)cc2)n1,Cc1cc(C)nc(NS(=O)(=O)c2ccc(N)cc2)n1,19,278.337,1.4764399999999998,5,2,97.97,3,2,1
HMDB0015534,O=C1CN=C(c2ccccc2)c2cc([N+](=O)[O-])ccc2N1,O=C1CN=C(c2ccccc2)c2cc([N+](=O)[O-])ccc2N1,21,281.27099999999996,2.3842999999999996,3,1,84.6,2,2,2
HMDB0015538,CC(C(=O)O)c1ccc(C(=O)c2ccccc2)s1,CC(C(=O)O)c1ccc(C(=O)c2ccccc2)s1,18,260.31399999999996,3.167200000000001,3,1,54.37,4,2,1
HMDB0015542,CC(C)(C)C(=O)OCOC(=O)C1N2C(=O)C(NC(=O)C([NH3+])c3ccccc3)C2SC1(C)C,CC(C)(C)C(=O)OCOC(=O)C1N2C(=O)C(NC(=O)C([NH3+])c3ccccc3)C2SC1(C)C,32,464.56400000000014,0.6067000000000029,7,2,129.64999999999998,6,1,3
HMDB0015547,O=C(O)c1ccc(-n2nc(-c3ccccc3O)nc2-c2ccccc2O)cc1,O=C(O)c1ccc(-n2nc(-c3ccccc3O)nc2-c2ccccc2O)cc1,28,373.3680000000001,3.710700000000001,6,3,108.47,4,4,0
HMDB0015557,C[NH+](C)CCC(c1ccccc1)c1ccccn1,C[NH+](C)CCC(c1ccccc1)c1ccccn1,18,241.35800000000003,1.7481,1,1,17.330000000000002,5,2,0
HMDB0015558,CN(C)S(=O)(=O)c1ccc2c(c1)N(CCC[NH+]1CCC(CCO)CC1)c1ccccc1S2,CN(C)S(=O)(=O)c1ccc2c(c1)N(CCC[NH+]1CCC(CCO)CC1)c1ccccc1S2,32,476.68800000000033,2.607000000000001,5,2,65.29,8,2,0
HMDB0015573,O=C(O)c1cccnc1Nc1cccc(C(F)(F)F)c1,O=C(O)c1cccnc1Nc1cccc(C(F)(F)F)c1,20,282.221,3.542200000000001,4,2,62.22,3,2,0
HMDB0015575,Cc1cc2cc3c(C)cc(=O)oc3c(C)c2o1,Cc1cc2cc3c(C)cc(=O)oc3c(C)c2o1,17,228.24699999999996,3.4644600000000025,3,0,43.35,0,3,1
HMDB0015586,CC1CC(OC(=O)C(O)c2ccccc2)CC(C)(C)C1,CC1CC(OC(=O)C(O)c2ccccc2)CC(C)(C)C1,20,276.37600000000003,3.4780000000000024,3,1,46.53,3,1,1
HMDB0015594,OC(C[NH2+]CC(O)C1CCc2cc(F)ccc2O1)C1CCc2cc(F)ccc2O1,OC(C[NH2+]CC(O)C1CCc2cc(F)ccc2O1)C1CCc2cc(F)ccc2O1,29,406.4490000000001,1.3374000000000006,4,3,75.53000000000002,6,2,0
HMDB0015602,CCN(CC)C(=O)C1(c2ccccc2)CC1C[NH3+],CCN(CC)C(=O)C1(c2ccccc2)CC1C[NH3+],18,247.362,1.0545999999999998,1,1,47.95,5,1,0
HMDB0015608,CCc1cc2c(cc1CC)CC([NH2+]CC(O)c1ccc(O)c3[nH]c(=O)ccc13)C2,CCc1cc2c(cc1CC)CC([NH2+]CC(O)c1ccc(O)c3[nH]c(=O)ccc13)C2,29,393.5070000000001,2.122699999999999,3,4,89.93,6,3,0
HMDB0015614,CC(C)C(=O)c1c(C(C)C)nn2ccccc12,CC(C)C(=O)c1c(C(C)C)nn2ccccc12,17,230.311,3.296400000000002,2,0,34.370000000000005,3,2,1
HMDB0015631,CC1C[NH+](CC(Cc2ccccc2)C(=O)NCC(=O)O)CCC1(C)c1cccc(O)c1,CC1C[NH+](CC(Cc2ccccc2)C(=O)NCC(=O)O)CCC1(C)c1cccc(O)c1,31,425.5490000000002,1.6343000000000005,4,4,91.07000000000001,8,2,0
HMDB0015636,COc1ccc2cccc(CCNC(C)=O)c2c1,COc1ccc2cccc(CCNC(C)=O)c2c1,18,243.30599999999995,2.527,2,1,38.33,4,2,0
HMDB0015637,N#Cc1ccc2[nH]cc(CCCC[NH+]3CCN(c4ccc5oc(C(N)=O)cc5c4)CC3)c2c1,N#Cc1ccc2[nH]cc(CCCC[NH+]3CCN(c4ccc5oc(C(N)=O)cc5c4)CC3)c2c1,33,442.54300000000023,2.6124799999999997,4,3,103.49000000000001,7,4,1
HMDB0015667,Nc1ccc(S(=O)(=O)Nc2ccnn2-c2ccccc2)cc1,Nc1ccc(S(=O)(=O)Nc2ccnn2-c2ccccc2)cc1,22,314.37000000000006,2.2553,4,2,90.00999999999999,4,3,1
HMDB0015678,NC(=O)Cc1cccc(C(=O)c2ccccc2)c1N,NC(=O)Cc1cccc(C(=O)c2ccccc2)c1N,19,254.289,1.5276,3,2,86.18,4,2,2
HMDB0015679,O=C(Nc1ccc([N+](=O)[O-])cc1Cl)c1cc(Cl)ccc1O,O=C(Nc1ccc([N+](=O)[O-])cc1Cl)c1cc(Cl)ccc1O,21,327.12300000000005,3.859500000000001,4,2,92.47,3,2,2
HMDB0015684,CN(C(=O)C(Cl)Cl)c1ccc(OC(=O)c2ccco2)cc1,CN(C(=O)C(Cl)Cl)c1ccc(OC(=O)c2ccco2)cc1,21,328.151,3.2653000000000016,4,0,59.75,4,2,3
HMDB0015688,Cc1nc(NS(=O)(=O)c2ccc(N)cc2)oc1C,Cc1nc(NS(=O)(=O)c2ccc(N)cc2)oc1C,18,267.31,1.67444,5,2,98.22,3,2,1
HMDB0015696,Cc1cc2c(OCC(C[NH2+]C(C)(C)C)OC(=O)c3ccccc3)cccc2[nH]1,Cc1cc2c(OCC(C[NH2+]C(C)(C)C)OC(=O)c3ccccc3)cccc2[nH]1,28,381.496,3.4426200000000016,3,2,67.93,7,3,1
HMDB0015698,CCOc1cc(N)c([N+](=O)[O-])cc1C(=O)NC1CC[NH+](CC2CC=CCC2)CC1,CCOc1cc(N)c([N+](=O)[O-])cc1C(=O)NC1CC[NH+](CC2CC=CCC2)CC1,29,403.50300000000027,1.7090999999999994,5,3,111.93,7,1,4
HMDB0015699,CCC1C(C)=NN=C(c2ccc(OC)c(OC)c2)c2cc(OC)c(OC)cc21,CCC1C(C)=NN=C(c2ccc(OC)c(OC)c2)c2cc(OC)c(OC)cc21,28,382.4600000000002,4.441500000000004,4,0,61.640000000000015,6,2,0
HMDB0015704,CC(C)OC(=O)CCCC=CCC1C(O)CC(O)C1C=CC(F)(F)COc1ccccc1,CC(C)OC(=O)CCCC=CCC1C(O)CC(O)C1C=CC(F)(F)COc1ccccc1,32,452.5380000000001,4.683000000000004,5,2,75.99000000000001,12,1,3
HMDB0028694,CC([NH3+])C(=O)NC(Cc1ccccc1)C(=O)O,CC([NH3+])C(=O)NC(Cc1ccccc1)C(=O)O,17,237.27900000000002,-0.5710999999999986,3,3,94.04,5,1,0
HMDB0028699,CC([NH3+])C(=O)NC(Cc1ccc(O)cc1)C(=O)O,CC([NH3+])C(=O)NC(Cc1ccc(O)cc1)C(=O)O,18,253.27800000000002,-0.8654999999999993,4,4,114.27,5,1,0
HMDB0028738,NC(=O)CC([NH3+])C(=O)NC(Cc1ccccc1)C(=O)O,NC(=O)CC([NH3+])C(=O)NC(Cc1ccccc1)C(=O)O,20,280.30400000000003,-1.7155999999999958,4,4,137.13,7,1,0
HMDB0028742,NC(=O)CC([NH3+])C(=O)NC(Cc1c[nH]c2ccccc12)C(=O)O,NC(=O)CC([NH3+])C(=O)NC(Cc1c[nH]c2ccccc12)C(=O)O,23,319.34100000000007,-1.2342999999999975,4,5,152.92,7,2,0
HMDB0028743,NC(=O)CC([NH3+])C(=O)NC(Cc1ccc(O)cc1)C(=O)O,NC(=O)CC([NH3+])C(=O)NC(Cc1ccc(O)cc1)C(=O)O,21,296.30300000000005,-2.009999999999997,5,5,157.36,7,1,0
HMDB0028764,[NH3+]C(CC(=O)O)C(=O)NC(Cc1c[nH]c2ccccc12)C(=O)O,[NH3+]C(CC(=O)O)C(=O)NC(Cc1c[nH]c2ccccc12)C(=O)O,23,320.32500000000005,-0.6349999999999987,5,5,147.12999999999997,7,2,0
HMDB0028765,[NH3+]C(CC(=O)O)C(=O)NC(Cc1ccc(O)cc1)C(=O)O,[NH3+]C(CC(=O)O)C(=O)NC(Cc1ccc(O)cc1)C(=O)O,21,297.28700000000003,-1.4106999999999992,6,5,151.57,7,1,0
HMDB0028804,N=C(O)CCC([NH3+])C(O)=NC(Cc1ccccc1)C(=O)O,N=C(O)CCC([NH3+])C(O)=NC(Cc1ccccc1)C(=O)O,21,294.3310000000001,0.5647700000000013,4,5,141.60999999999999,8,1,2
HMDB0028808,NC(=O)CCC([NH3+])C(=O)NC(Cc1c[nH]c2ccccc12)C(=O)O,NC(=O)CCC([NH3+])C(=O)NC(Cc1c[nH]c2ccccc12)C(=O)O,24,333.3680000000001,-0.8441999999999985,4,5,152.92,8,2,0
HMDB0028830,[NH3+]C(CCC(=O)O)C(=O)NC(Cc1c[nH]c2ccccc12)C(=O)O,[NH3+]C(CCC(=O)O)C(=O)NC(Cc1c[nH]c2ccccc12)C(=O)O,24,334.3520000000001,-0.24489999999999862,5,5,147.12999999999997,8,2,0
HMDB0028852,[NH3+]CC(=O)NC(Cc1c[nH]c2ccccc12)C(=O)O,[NH3+]CC(=O)NC(Cc1c[nH]c2ccccc12)C(=O)O,19,262.289,-0.4782999999999991,3,4,109.83,5,2,0
HMDB0028874,O=C(O)C(Cc1c[nH]c2ccccc12)NC(=O)C1CC(O)C[NH2+]1,O=C(O)C(Cc1c[nH]c2ccccc12)NC(=O)C1CC(O)C[NH2+]1,23,318.3530000000001,-1.0235999999999983,4,5,119.03,5,2,0
HMDB0028875,O=C(O)C(Cc1ccc(O)cc1)NC(=O)C1CC(O)C[NH2+]1,O=C(O)C(Cc1ccc(O)cc1)NC(=O)C1CC(O)C[NH2+]1,21,295.31500000000005,-1.7992999999999988,5,5,123.47,5,1,0
HMDB0028892,[NH3+]C(Cc1c[nH]c[nH+]1)C(=O)NC(Cc1ccccc1)C(=O)O,[NH3+]C(Cc1c[nH]c[nH+]1)C(=O)NC(Cc1ccccc1)C(=O)O,22,304.35,-1.206099999999996,3,4,123.97000000000001,7,2,0
HMDB0028897,[NH3+]C(Cc1c[nH]c[nH+]1)C(=O)NC(Cc1ccc(O)cc1)C(=O)O,[NH3+]C(Cc1c[nH]c[nH+]1)C(=O)NC(Cc1ccc(O)cc1)C(=O)O,23,320.34900000000005,-1.5004999999999966,4,5,144.2,7,2,0
HMDB0028914,CCC(C)C([NH3+])C(=O)NC(Cc1ccccc1)C(=O)O,CCC(C)C([NH3+])C(=O)NC(Cc1ccccc1)C(=O)O,20,279.36,0.4551000000000018,3,3,94.04,7,1,0
HMDB0028988,CC(NC(=O)C([NH3+])Cc1ccccc1)C(=O)O,CC(NC(=O)C([NH3+])Cc1ccccc1)C(=O)O,17,237.27900000000002,-0.5710999999999993,3,3,94.04,5,1,0
HMDB0028990,NC(=O)CC(NC(=O)C([NH3+])Cc1ccccc1)C(=O)O,NC(=O)CC(NC(=O)C([NH3+])Cc1ccccc1)C(=O)O,20,280.304,-1.7155999999999958,4,4,137.13,7,1,0
HMDB0028991,[NH3+]C(Cc1ccccc1)C(=O)NC(CC(=O)O)C(=O)O,[NH3+]C(Cc1ccccc1)C(=O)NC(CC(=O)O)C(=O)O,20,281.28799999999995,-1.1162999999999996,5,4,131.34,7,1,0
HMDB0028993,NC(=O)CCC(NC(=O)C([NH3+])Cc1ccccc1)C(=O)O,NC(=O)CCC(NC(=O)C([NH3+])Cc1ccccc1)C(=O)O,21,294.3310000000001,-1.3254999999999963,4,4,137.13,8,1,0
HMDB0028994,[NH3+]C(Cc1ccccc1)C(=O)NC(CCC(=O)O)C(=O)O,[NH3+]C(Cc1ccccc1)C(=O)NC(CCC(=O)O)C(=O)O,21,295.315,-0.7261999999999997,5,4,131.34,8,1,0
HMDB0028997,[NH3+]C(Cc1ccccc1)C(=O)NC(Cc1c[nH+]c[nH]1)C(=O)O,[NH3+]C(Cc1ccccc1)C(=O)NC(Cc1c[nH+]c[nH]1)C(=O)O,22,304.35,-1.2060999999999968,3,4,123.96999999999998,7,2,0
HMDB0028998,CCC(C)C(NC(=O)C([NH3+])Cc1ccccc1)C(=O)O,CCC(C)C(NC(=O)C([NH3+])Cc1ccccc1)C(=O)O,20,279.36,0.4551000000000018,3,3,94.04,7,1,0
HMDB0029005,CC(O)C(NC(=O)C([NH3+])Cc1ccccc1)C(=O)O,CC(O)C(NC(=O)C([NH3+])Cc1ccccc1)C(=O)O,19,267.30499999999995,-1.2101999999999986,4,4,114.27,6,1,0
HMDB0029006,[NH3+]C(Cc1ccccc1)C(=O)NC(Cc1c[nH]c2ccccc12)C(=O)O,[NH3+]C(Cc1ccccc1)C(=O)NC(Cc1c[nH]c2ccccc12)C(=O)O,26,352.41400000000004,1.1329999999999996,3,4,109.83,7,3,0
HMDB0029007,[NH3+]C(Cc1ccccc1)C(=O)NC(Cc1ccc(O)cc1)C(=O)O,[NH3+]C(Cc1ccccc1)C(=O)NC(Cc1ccc(O)cc1)C(=O)O,24,329.37600000000003,0.35729999999999973,4,4,114.27,7,2,0
HMDB0029009,[NH3+]C(CCC(=O)NC(=O)C([NH3+])Cc1ccccc1)C(=O)O,[NH3+]C(CCC(=O)NC(=O)C([NH3+])Cc1ccccc1)C(=O)O,21,295.33900000000006,-2.0422999999999956,4,4,138.75,7,1,0
HMDB0029028,O=C(O)C(Cc1c[nH]c2ccccc12)NC(=O)C1CCC[NH2+]1,O=C(O)C(Cc1c[nH]c2ccccc12)NC(=O)C1CCC[NH2+]1,22,302.35400000000016,0.0056000000000006045,3,4,98.8,5,2,0
HMDB0029029,O=C(O)C(Cc1ccc(O)cc1)NC(=O)C1CCC[NH2+]1,O=C(O)C(Cc1ccc(O)cc1)NC(=O)C1CCC[NH2+]1,20,279.31600000000003,-0.7700999999999991,4,4,103.24,5,1,0
HMDB0029050,[NH3+]C(CO)C(=O)NC(Cc1c[nH]c2ccccc12)C(=O)O,[NH3+]C(CO)C(=O)NC(Cc1c[nH]c2ccccc12)C(=O)O,21,292.31500000000005,-1.1173999999999982,4,5,130.05999999999997,6,2,0
HMDB0029076,CC(NC(=O)C([NH3+])Cc1c[nH]c2ccccc12)C(=O)O,CC(NC(=O)C([NH3+])Cc1c[nH]c2ccccc12)C(=O)O,20,276.31600000000003,-0.08979999999999927,3,4,109.83,5,2,0
HMDB0029078,NC(=O)CC(NC(=O)C([NH3+])Cc1c[nH]c2ccccc12)C(=O)O,NC(=O)CC(NC(=O)C([NH3+])Cc1c[nH]c2ccccc12)C(=O)O,23,319.34100000000007,-1.2342999999999975,4,5,152.92,7,2,0
HMDB0029079,[NH3+]C(Cc1c[nH]c2ccccc12)C(=O)NC(CC(=O)O)C(=O)O,[NH3+]C(Cc1c[nH]c2ccccc12)C(=O)NC(CC(=O)O)C(=O)O,23,320.32500000000005,-0.6349999999999991,5,5,147.13,7,2,0
HMDB0029080,[NH3+]C(Cc1c[nH]c2ccccc12)C(=O)NC(CS)C(=O)O,[NH3+]C(Cc1c[nH]c2ccccc12)C(=O)NC(CS)C(=O)O,21,308.383,-0.17989999999999973,3,5,109.83,6,2,1
HMDB0029081,NC(=O)CCC(NC(=O)C([NH3+])Cc1c[nH]c2ccccc12)C(=O)O,NC(=O)CCC(NC(=O)C([NH3+])Cc1c[nH]c2ccccc12)C(=O)O,24,333.3680000000001,-0.8441999999999985,4,5,152.92,8,2,0
HMDB0029082,[NH3+]C(Cc1c[nH]c2ccccc12)C(=O)NC(CCC(=O)O)C(=O)O,[NH3+]C(Cc1c[nH]c2ccccc12)C(=O)NC(CCC(=O)O)C(=O)O,24,334.35200000000003,-0.2448999999999995,5,5,147.13,8,2,0
HMDB0029083,[NH3+]C(Cc1c[nH]c2ccccc12)C(=O)NCC(=O)O,[NH3+]C(Cc1c[nH]c2ccccc12)C(=O)NCC(=O)O,19,262.28899999999993,-0.4782999999999998,3,4,109.83,5,2,0
HMDB0029084,[NH3+]C(Cc1c[nH]c2ccccc12)C(=O)N1CC(O)CC1C(=O)O,[NH3+]C(Cc1c[nH]c2ccccc12)C(=O)N1CC(O)CC1C(=O)O,23,318.35300000000007,-0.6326999999999998,4,4,121.27,4,2,0
HMDB0029085,[NH3+]C(Cc1c[nH]c2ccccc12)C(=O)NC(Cc1c[nH+]c[nH]1)C(=O)O,[NH3+]C(Cc1c[nH]c2ccccc12)C(=O)NC(Cc1c[nH+]c[nH]1)C(=O)O,25,343.387,-0.7247999999999986,3,5,139.76,7,3,0
HMDB0029086,CCC(C)C(NC(=O)C([NH3+])Cc1c[nH]c2ccccc12)C(=O)O,CCC(C)C(NC(=O)C([NH3+])Cc1c[nH]c2ccccc12)C(=O)O,23,318.39700000000005,0.9364000000000015,3,4,109.83,7,2,0
HMDB0029087,CC(C)CC(N=C(O)C([NH3+])Cc1c[nH]c2ccccc12)C(=O)O,CC(C)CC(N=C(O)C([NH3+])Cc1c[nH]c2ccccc12)C(=O)O,23,318.39700000000005,1.7766999999999997,3,4,113.32000000000001,7,2,2
HMDB0029088,[NH3+]CCCCC(NC(=O)C([NH3+])Cc1c[nH]c2ccccc12)C(=O)O,[NH3+]CCCCC(NC(=O)C([NH3+])Cc1c[nH]c2ccccc12)C(=O)O,24,334.4200000000001,-0.6974999999999969,3,5,137.46999999999997,9,2,1
HMDB0029090,[NH3+]C(Cc1c[nH]c2ccccc12)C(=O)NC(Cc1ccccc1)C(=O)O,[NH3+]C(Cc1c[nH]c2ccccc12)C(=O)NC(Cc1ccccc1)C(=O)O,26,352.41400000000004,1.1329999999999996,3,4,109.83,7,3,0
HMDB0029091,[NH3+]C(Cc1c[nH]c2ccccc12)C(=O)N1CCCC1C(=O)O,[NH3+]C(Cc1c[nH]c2ccccc12)C(=O)N1CCCC1C(=O)O,22,302.354,0.39649999999999935,3,3,101.04,4,2,0
HMDB0029092,[NH3+]C(Cc1c[nH]c2ccccc12)C(=O)NC(CO)C(=O)O,[NH3+]C(Cc1c[nH]c2ccccc12)C(=O)NC(CO)C(=O)O,21,292.315,-1.117399999999999,4,5,130.06,6,2,0
HMDB0029093,CC(O)C(NC(=O)C([NH3+])Cc1c[nH]c2ccccc12)C(=O)O,CC(O)C(NC(=O)C([NH3+])Cc1c[nH]c2ccccc12)C(=O)O,22,306.34200000000004,-0.7288999999999992,4,5,130.05999999999997,6,2,0
HMDB0029094,[NH3+]C(Cc1c[nH]c2ccccc12)C(=O)NC(Cc1c[nH]c2ccccc12)C(=O)O,[NH3+]C(Cc1c[nH]c2ccccc12)C(=O)NC(Cc1c[nH]c2ccccc12)C(=O)O,29,391.4510000000001,1.6142999999999996,3,5,125.61999999999999,7,4,0
HMDB0029095,[NH3+]C(Cc1c[nH]c2ccccc12)C(=O)NC(Cc1ccc(O)cc1)C(=O)O,[NH3+]C(Cc1c[nH]c2ccccc12)C(=O)NC(Cc1ccc(O)cc1)C(=O)O,27,368.41300000000007,0.8385999999999998,4,5,130.06,7,3,0
HMDB0029096,CC(C)C(NC(=O)C([NH3+])Cc1c[nH]c2ccccc12)C(=O)O,CC(C)C(NC(=O)C([NH3+])Cc1c[nH]c2ccccc12)C(=O)O,22,304.37000000000006,0.5463000000000009,3,4,109.83,6,2,0
HMDB0029097,[NH3+]C(CCC(=O)NC(=O)C([NH3+])Cc1c[nH]c2ccccc12)C(=O)O,[NH3+]C(CCC(=O)NC(=O)C([NH3+])Cc1c[nH]c2ccccc12)C(=O)O,24,334.3760000000001,-1.5609999999999968,4,5,154.54,7,2,0
HMDB0029098,CC(NC(=O)C([NH3+])Cc1ccc(O)cc1)C(=O)O,CC(NC(=O)C([NH3+])Cc1ccc(O)cc1)C(=O)O,18,253.27800000000002,-0.865499999999999,4,4,114.27,5,1,0
HMDB0029103,NC(=O)CCC(NC(=O)C([NH3+])Cc1ccc(O)cc1)C(=O)O,NC(=O)CCC(NC(=O)C([NH3+])Cc1ccc(O)cc1)C(=O)O,22,310.33000000000004,-1.619899999999997,5,5,157.35999999999999,8,1,0
HMDB0029104,[NH3+]C(Cc1ccc(O)cc1)C(=O)NC(CCC(=O)O)C(=O)O,[NH3+]C(Cc1ccc(O)cc1)C(=O)NC(CCC(=O)O)C(=O)O,22,311.31399999999996,-1.0206,6,5,151.57,8,1,0
HMDB0029106,[NH3+]C(Cc1ccc(O)cc1)C(=O)N1CC(O)CC1C(=O)O,[NH3+]C(Cc1ccc(O)cc1)C(=O)N1CC(O)CC1C(=O)O,21,295.315,-1.4083999999999992,5,4,125.71,4,1,0
HMDB0029112,[NH3+]C(Cc1ccc(O)cc1)C(=O)NC(Cc1ccccc1)C(=O)O,[NH3+]C(Cc1ccc(O)cc1)C(=O)NC(Cc1ccccc1)C(=O)O,24,329.37600000000003,0.35729999999999923,4,4,114.27,7,2,0
HMDB0029116,[NH3+]C(Cc1ccc(O)cc1)C(=O)NC(Cc1c[nH]c2ccccc12)C(=O)O,[NH3+]C(Cc1ccc(O)cc1)C(=O)NC(Cc1c[nH]c2ccccc12)C(=O)O,27,368.41300000000007,0.8385999999999989,4,5,130.05999999999997,7,3,0
HMDB0029117,[NH3+]C(Cc1ccc(O)cc1)C(=O)NC(Cc1ccc(O)cc1)C(=O)O,[NH3+]C(Cc1ccc(O)cc1)C(=O)NC(Cc1ccc(O)cc1)C(=O)O,25,345.37500000000006,0.06289999999999907,5,5,134.5,7,2,0
HMDB0029119,[NH3+]C(CCC(=O)NC(=O)C([NH3+])Cc1ccc(O)cc1)C(=O)O,[NH3+]C(CCC(=O)NC(=O)C([NH3+])Cc1ccc(O)cc1)C(=O)O,22,311.338,-2.336699999999996,5,5,158.98,7,1,0
HMDB0029134,CC(C)C([NH3+])C(=O)NC(Cc1ccccc1)C(=O)O,CC(C)C([NH3+])C(=O)NC(Cc1ccccc1)C(=O)O,19,265.33299999999997,0.06500000000000211,3,3,94.04,6,1,0
HMDB0029138,CC(C)C([NH3+])C(=O)NC(Cc1c[nH]c2ccccc12)C(=O)O,CC(C)C([NH3+])C(=O)NC(Cc1c[nH]c2ccccc12)C(=O)O,22,304.37000000000006,0.5463000000000018,3,4,109.83,6,2,0
HMDB0029156,[NH3+]C(CCC(=O)O)C(=O)NC(Cc1ccccc1)C(=O)O,[NH3+]C(CCC(=O)O)C(=O)NC(Cc1ccccc1)C(=O)O,21,295.31500000000005,-0.7261999999999986,5,4,131.33999999999997,8,1,0
HMDB0029160,[NH3+]C(CCC(=O)NC(Cc1c[nH]c2ccccc12)C(=O)O)C(=O)O,[NH3+]C(CCC(=O)NC(Cc1c[nH]c2ccccc12)C(=O)O)C(=O)O,24,334.3520000000001,-0.24489999999999862,5,5,147.13,8,2,0
HMDB0029185,O=C1CCC(Cc2ccc(O)c(O)c2)O1,O=C1CCC(Cc2ccc(O)c(O)c2)O1,15,208.213,1.3458999999999999,4,2,66.76,2,1,2
HMDB0029191,O=C1CCC(Cc2ccc(O)c(OS(=O)(=O)[O-])c2)O1,O=C1CCC(Cc2ccc(O)c(OS(=O)(=O)[O-])c2)O1,19,287.269,0.4793,7,1,112.96000000000001,4,1,3
HMDB0029202,COc1ccc(C2CC(=O)c3c(O)cc(O)cc3O2)cc1OS(=O)(=O)[O-],COc1ccc(C2CC(=O)c3c(O)cc(O)cc3O2)cc1OS(=O)(=O)[O-],26,381.33800000000014,1.6519000000000001,9,2,142.42000000000002,4,2,2
HMDB0029218,O=c1oc2cc(O)ccc2c2cc(O)c(O)cc12,O=c1oc2cc(O)ccc2c2cc(O)c(O)cc12,18,244.20199999999997,2.0629999999999997,5,3,90.9,0,3,3
HMDB0029219,O=c1oc2c(O)c(O)ccc2c2cc(O)c(O)cc12,O=c1oc2c(O)c(O)ccc2c2cc(O)c(O)cc12,19,260.20099999999996,1.7686,6,4,111.13000000000001,0,3,3
HMDB0029249,Oc1cc(O)c2ccc(-c3ccc(O)c(O)c3)[o+]c2c1,Oc1cc(O)c2ccc(-c3ccc(O)c(O)c3)[o+]c2c1,20,271.248,3.2033000000000005,5,4,92.22,1,3,2
HMDB0029250,COc1cc(-c2[o+]c3cc(O)cc4c3c(c2O)C=C(c2ccc(O)cc2)O4)cc(OC)c1O,COc1cc(-c2[o+]c3cc(O)cc4c3c(c2O)C=C(c2ccc(O)cc2)O4)cc(OC)c1O,33,447.41900000000015,5.111000000000007,8,4,119.91000000000003,4,4,1
HMDB0029251,COc1cc(-c2[o+]c3cc(O)cc4c3c(c2O)C=C(c2ccc(O)c(O)c2)O4)cc(OC)c1O,COc1cc(-c2[o+]c3cc(O)cc4c3c(c2O)C=C(c2ccc(O)c(O)c2)O4)cc(OC)c1O,34,463.4180000000002,4.816600000000007,9,5,140.14000000000001,4,4,2
HMDB0029253,O=C(CCc1ccc(O)c(O)c1)c1c(O)cc(O)cc1O,O=C(CCc1ccc(O)c(O)c1)c1c(O)cc(O)cc1O,21,290.271,2.0301000000000005,6,5,118.22000000000001,4,2,2
HMDB0029284,O=C(C=Cc1ccc(O)c(O)c1)Nc1ccccc1C(=O)O,O=C(C=Cc1ccc(O)c(O)c1)Nc1ccccc1C(=O)O,22,299.28200000000004,2.4478999999999997,5,4,106.86,4,2,2
HMDB0029287,O=C(C=Cc1ccc(O)c(O)c1)OC1CC2(O)CC(OC2=O)C1O,O=C(C=Cc1ccc(O)c(O)c1)OC1CC2(O)CC(OC2=O)C1O,24,336.29600000000005,-0.16600000000000015,8,4,133.52,3,1,3
HMDB0029288,O=C(C=Cc1ccc(O)c(O)c1)OC1C(O)CC2(O)CC1OC2=O,O=C(C=Cc1ccc(O)c(O)c1)OC1C(O)CC2(O)CC1OC2=O,24,336.2960000000001,-0.16600000000000015,8,4,133.52,3,1,3
HMDB0029289,COc1cc(C=CC(=O)OC2CC3(O)CC(OC3=O)C2O)ccc1O,COc1cc(C=CC(=O)OC2CC3(O)CC(OC3=O)C2O)ccc1O,25,350.32300000000004,0.1369999999999995,8,3,122.52000000000001,4,1,2
HMDB0029290,COc1cc(C=CC(=O)OC2C(O)CC3(O)CC2OC3=O)ccc1O,COc1cc(C=CC(=O)OC2C(O)CC3(O)CC2OC3=O)ccc1O,25,350.3230000000001,0.13699999999999973,8,3,122.52000000000002,4,1,2
HMDB0029291,O=C(C=Cc1ccc(O)c(O)c1)OC1CC2(O)CC(OC2=O)C1OC(=O)C=Cc1ccc(O)c(O)c1,O=C(C=Cc1ccc(O)c(O)c1)OC1CC2(O)CC(OC2=O)C1OC(=O)C=Cc1ccc(O)c(O)c1,36,498.4400000000002,1.5094999999999996,11,5,180.05,6,2,4
HMDB0029292,O=C(C=Cc1ccc(O)cc1)OC1CC2(O)CC(OC2=O)C1O,O=C(C=Cc1ccc(O)cc1)OC1CC2(O)CC(OC2=O)C1O,23,320.297,0.1283999999999998,7,3,113.29,3,1,2
HMDB0029293,O=C(C=Cc1ccc(O)cc1)OC1C(O)CC2(O)CC1OC2=O,O=C(C=Cc1ccc(O)cc1)OC1C(O)CC2(O)CC1OC2=O,23,320.2970000000001,0.1283999999999998,7,3,113.29000000000002,3,1,2
HMDB0029295,O=C(C=Cc1ccc(O)c(O)c1)NC(Cc1ccc(O)cc1)C(=O)O,O=C(C=Cc1ccc(O)c(O)c1)NC(Cc1ccc(O)cc1)C(=O)O,25,343.33500000000004,1.6286999999999996,6,5,127.09000000000002,6,2,2
HMDB0029296,O=C(C=Cc1ccc(O)cc1)NC(Cc1ccc(O)c(O)c1)C(=O)O,O=C(C=Cc1ccc(O)cc1)NC(Cc1ccc(O)c(O)c1)C(=O)O,25,343.3350000000001,1.6286999999999998,6,5,127.09000000000002,6,2,2
HMDB0029303,COc1cc(-c2c(O)c(O)cc3c2COCC3)ccc1O,COc1cc(-c2c(O)c(O)cc3c2COCC3)ccc1O,21,288.299,2.5517000000000007,5,3,79.15,2,2,1
HMDB0029304,CC=C1C(O)OC=C(C(=O)OC)C1CC(=O)OCCc1ccc(O)c(O)c1,CC=C1C(O)OC=C(C(=O)OC)C1CC(=O)OCCc1ccc(O)c(O)c1,27,378.37700000000007,1.5415999999999996,8,3,122.52000000000002,6,1,3
HMDB0029307,COc1cc(O)ccc1-c1coc2cc(O)cc(OC)c2c1=O,COc1cc(O)ccc1-c1coc2cc(O)cc(OC)c2c1=O,23,314.29300000000006,2.8884000000000007,6,2,89.13,3,3,0
HMDB0029318,O=C(O)CC(OC(=O)C=Cc1ccc(O)c(O)c1)C(=O)O,O=C(O)CC(OC(=O)C=Cc1ccc(O)c(O)c1)C(=O)O,21,296.23100000000005,0.5821000000000001,8,4,141.35999999999999,6,1,3
HMDB0029322,COc1cc(O)c2c(=O)c3ccccc3n(C)c2c1,COc1cc(O)c2c(=O)c3ccccc3n(C)c2c1,19,255.273,2.4059,3,1,51.46,1,3,1
HMDB0029346,CC(C)=CCCC(C)=CCOC1OC(CO)C(O)C(O)C1O,CC(C)=CCCC(C)=CCOC1OC(CO)C(O)C(O)C1O,22,316.394,0.49559999999999965,6,4,99.38000000000001,7,0,1
HMDB0029355,O=C(O)CC(NC(=O)Cc1ccccc1)C(=O)O,O=C(O)CC(NC(=O)Cc1ccccc1)C(=O)O,18,251.238,0.2731999999999996,5,3,103.7,6,1,0
HMDB0029356,COc1cc(C=CC(O)=NCC(O)=NC(Cc2ccccc2)C(=O)O)ccc1O,COc1cc(C=CC(O)=NCC(O)=NC(Cc2ccccc2)C(=O)O)ccc1O,29,398.4150000000001,3.0229000000000013,6,4,131.94,9,2,2
HMDB0029365,COc1cc(C=CC(=O)NCCc2ccc(O)cc2)ccc1O,COc1cc(C=CC(=O)NCCc2ccc(O)cc2)ccc1O,23,313.353,2.478500000000001,4,3,78.79,6,2,1
HMDB0029366,OC(=NCCc1ccc(O)cc1)c1ccccc1,OC(=NCCc1ccc(O)cc1)c1ccccc1,18,241.29000000000002,2.9395000000000016,2,2,52.82000000000001,4,2,2
HMDB0029367,C[n+]1cc2c3c(ccc2c2ccc4cc5c(cc4c21)OCO5)OCO3,C[n+]1cc2c3c(ccc2c2ccc4cc5c(cc4c21)OCO5)OCO3,25,332.33500000000015,3.4281000000000015,4,0,40.8,0,4,2
HMDB0029374,O=C(C=CC=Cc1ccc2c(c1)OCO2)N1CCCC1,O=C(C=CC=Cc1ccc2c(c1)OCO2)N1CCCC1,20,271.316,2.6071,3,0,38.77,3,1,2
